snapshot_time,vessel,code,lane,rob_lsfo,rob_hsfo,rob_mgo,rob_ulsfo,rob_bw,rob_fw,found,report_time,sender
2026-08-25 15:16,ASR,ASRR,NAX,0.0,267.0,38.7,203.7,1764.0,54.0,1,2026-08-24 17:23:25,asr@speedmailplus.com
2026-08-25 15:16,BAMSI BEYREK,BIBK,HLX,1557.3,0.0,124.8,0.0,6220.0,199.0,1,2026-08-25 12:48:34,bamsibeyrek@negmar.com
2026-08-25 15:16,BZ CHONGFU,BZCF,REX,3805.2030000000013,0.0,508.37699999999995,0.0,980.0,183.0,1,2026-08-24 16:03:01,bzchongfu@163.com
2026-08-25 15:16,CHANG SHENG JI 7,CSJ7,REX,308.97,,81.75,,6180.0,125.0,1,2026-08-24 15:18:53,changshengji7@sina.com
2026-08-25 15:16,CHANG SHENG JI 8,CSJ8,REX,326.8,,68.6,,7855.0,53.0,1,2026-08-24 17:31:26,changshengji8@sina.com
2026-08-25 15:16,CUL HAIPHONG,CUHP,ST3,91.45,0.0,170.93,0.0,2230.0,229.0,1,2026-08-25 09:33:19,
2026-08-25 15:16,CUL HOCHIMINH,CUHC,AEM,350.18,669.662,154.39,0.0,4352.0,135.0,1,2026-08-24 12:18:38,
2026-08-25 15:16,CUL HUANGPU,CUHA,NSCT1,447.81,0.0,47.68,0.0,2630.0,204.0,1,2026-08-24 22:28:33,/O=EXCHANGELABS/OU=EXCHANGE ADMINISTRATIVE GROUP (FYDIBOHF23SPDLT)/CN=RECIPIENTS/CN=4FE697DF4D614F729308992F675756CD-9C7B291A-20
2026-08-25 15:16,CUL HUMEN,CUHM,RTS,832.9,0.0,128.57,0.0,4111.0,82.0,1,2026-08-24 20:09:02,/O=EXCHANGELABS/OU=EXCHANGE ADMINISTRATIVE GROUP (FYDIBOHF23SPDLT)/CN=RECIPIENTS/CN=FE0E77DFE32C431585E81B8C1DA04FED-903D8D42-BD
2026-08-25 15:16,CUL KLANG,CUKL,REX,123.14,659.38,108.67,0.0,5165.0,108.0,1,2026-08-25 01:00:13,
2026-08-25 15:16,CUL LAEMCHABANG,CULC,REX,642.81,,116.78,,4700.0,93.0,1,2026-08-25 06:05:54,
2026-08-25 15:16,CUL NANSHA,CUNS,CCT,436.5,,85.69,,3875.8,125.0,1,2026-08-24 14:34:01,
2026-08-25 15:16,CUL SHEKOU,CUSK,AEM,298.66,0.77,43.46,0.0,4710.9,165.0,1,2026-08-24 12:11:36,
2026-08-25 15:16,CUL XIAMEN,CUXM,HDT,110.31,0.0,51.3,0.0,2436.0,130.0,1,2026-08-25 00:20:37,
2026-08-25 15:16,CUL YANGPU,CUYP,REX,484.97,0.0,90.57,0.0,4151.0,185.0,1,2026-08-24 12:19:24,
2026-08-25 15:16,DONG FANG MING HAI,DFMH,REX,,,,,,,0,,
2026-08-25 15:16,EVERLASTING HARVEST,EVHA,REX,776.264,,54.4,,3550.0,175.0,1,2026-08-24 15:18:16,
2026-08-25 15:16,EXPRESS BERLIN,XPBL,CGX,1305.5,0.0,569.9,0.0,16614.0,475.0,1,2026-08-25 14:31:49,vsl_117@danaos.com
2026-08-25 15:16,FU YU,FUYU,SGX,276.64,,52.7,,4690.3,114.0,1,2026-08-25 12:27:42,fuyu@lanbaoism.com
2026-08-25 15:16,HAIAN MIND,HAMD,REX,1083.785,0.0,113.17,0.0,5300.0,220.0,1,2026-08-24 15:21:00,
2026-08-25 15:16,HONG DA XIN 728,H728,REX,706.5,,244.34,,3807.4,70.0,1,2026-08-24 17:09:05,
2026-08-25 15:16,HUA DONG 811,H811,SGX,290.72,0.0,43.29,0.0,5403.0,262.0,1,2026-08-24 12:41:53,
2026-08-25 15:16,KAI DA HONG ZHOU,KDHZ,RTS,125.23,0.0,133.498,0.0,2570.0,144.0,1,2026-08-25 05:15:55,KDHZ@Sunward-shipping.com
2026-08-25 15:16,KR TASMAN,KRTM,REX,808.89,,57.6,,1551.7,155.0,1,2026-08-25 14:29:55,krtasman@krsline.com
2026-08-25 15:16,M. MARINER,MMRN,CST/SL1,441.53,0.0,92.14,0.0,2300.0,194.0,1,2026-08-24 19:38:03,
2026-08-25 15:16,M. ODYSSEY,MODS,NSX,52.05,0.0,34.46,0.0,1450.0,36.0,1,2026-08-24 22:19:27,
2026-08-25 15:16,MAO GANG SHANG HAI,MGSH,REX,342.55,,82.35,,7013.0,150.0,1,2026-08-24 17:08:19,
2026-08-25 15:16,MEDKON DON,MEDKON DON,NAX,206.0,,107.32,526.0,3710.5,85.0,1,2026-08-24 19:08:03,medkondon@om-email.net
2026-08-25 15:16,MEDKON LIA,MKLA,NAX,0.0,0.0,35.1,176.8,3223.0,56.0,1,2026-08-24 17:55:48,master@medkonlia.com
2026-08-25 15:16,NEW THINKER,NWTR,JPS,256.242,0.0,49.58,0.0,3054.27,101.0,1,2026-08-25 04:54:22,
2026-08-25 15:16,NILEDUTCH LION,NILEDUTCH LION,CGX,,,,,,,0,,
2026-08-25 15:16,RACINE,RACE,KCI,1822.5,0.0,312.6,0.0,12678.0,262.0,1,2026-08-25 13:51:37,vsl_67@danaos.com
2026-08-25 15:16,SHENGTANG,SHTG,REX,609.61,,374.34,,6154.0,216.0,1,2026-08-24 20:52:02,
2026-08-25 15:16,STAR BLESSING,STBE,IMR,881.3,0.0,72.9,0.0,3908.0,270.0,1,2026-08-25 14:46:28,starblessing@163.com
2026-08-25 15:16,SUNNY 68,SY68,RTS,221.76,,58.36,,2743.0,108.0,1,2026-08-24 16:55:45,
2026-08-25 15:16,TEN VENUS,TNVN,REX,1423.05,,124.96,,1048.0,151.0,1,2026-08-24 14:31:34,tenvenus@gtmailplus.com
2026-08-25 15:16,TIGER LONGKOU,TGLK,REX,368.96,,185.68,,5658.0,244.0,1,2026-08-24 22:07:32,tiger.longkou@greathorse.com.cn
2026-08-25 15:16,WAN FU DA,WNFD,REX,1248.08,0.0,243.13,0.0,6068.0,342.0,1,2026-08-25 12:05:53,wanfuda668@126.com
2026-08-25 15:16,XING DONG 88,XD88,REX,94.0,0.0,25.1,0.0,3959.0,111.0,1,2026-08-24 17:34:32,xingdong88ship@163.com
2026-08-25 15:16,ZBM,CZBM,IMR,499.8,,140.0,,5419.0,150.0,1,2026-08-24 21:54:54,master.zbm@nautivoyage.com
2026-08-25 15:16,ZHI YING HE SHUN,ZYHS,NP2,214.91,,49.81,,5230.0,200.0,1,2026-08-24 11:58:28,
2026-08-25 15:16,ZHONG GU NAN CHANG,ZGNC,AEM,439.27,,214.3,0.0,16221.0,219.5,1,2026-08-24 17:15:47,zgnc@zhonggushipping.com
2026-08-25 15:16,ZHONG GU YIN CHUAN,ZGYC,REX,110.48,0.0,410.34,0.0,13231.0,166.0,1,2026-08-25 14:37:55,zgyc@zhonggushipping.com
2026-08-25 15:16,ZHONG GU ZHU HAI,ZGZH,RES,292.59,,3.33,,6937.0,129.0,1,2026-08-24 17:22:42,zhongguzhuhai@zhonggushipping.com
2026-08-25 15:16,ZHONG LIAN SHAN TOU,ZLST,RTS,234.45,0.0,105.27,0.0,1602.0,58.0,1,2026-08-24 17:14:18,
2026-08-25 16:23,ASR,ASRR,NAX,0.0,267.0,38.7,203.7,1764.0,54.0,1,2026-08-24 17:23:25,asr@speedmailplus.com
2026-08-25 16:23,BAMSI BEYREK,BIBK,HLX,1557.3,0.0,124.8,0.0,6220.0,199.0,1,2026-08-25 12:48:34,bamsibeyrek@negmar.com
2026-08-25 16:23,BZ CHONGFU,BZCF,REX,3805.2030000000013,0.0,508.37699999999995,0.0,980.0,183.0,1,2026-08-24 16:03:01,bzchongfu@163.com
2026-08-25 16:23,CHANG SHENG JI 7,CSJ7,REX,308.97,,81.75,,6180.0,125.0,1,2026-08-24 15:18:53,changshengji7@sina.com
2026-08-25 16:23,CHANG SHENG JI 8,CSJ8,REX,326.8,,68.6,,7855.0,53.0,1,2026-08-24 17:31:26,changshengji8@sina.com
2026-08-25 16:23,CUL HAIPHONG,CUHP,ST3,91.45,0.0,170.93,0.0,2230.0,229.0,1,2026-08-25 09:33:19,
2026-08-25 16:23,CUL HOCHIMINH,CUHC,AEM,350.18,669.662,154.39,0.0,4352.0,135.0,1,2026-08-24 12:18:38,
2026-08-25 16:23,CUL HUANGPU,CUHA,NSCT1,447.81,0.0,47.68,0.0,2630.0,204.0,1,2026-08-24 22:28:33,/O=EXCHANGELABS/OU=EXCHANGE ADMINISTRATIVE GROUP (FYDIBOHF23SPDLT)/CN=RECIPIENTS/CN=4FE697DF4D614F729308992F675756CD-9C7B291A-20
2026-08-25 16:23,CUL HUMEN,CUHM,RTS,832.9,0.0,128.57,0.0,4111.0,82.0,1,2026-08-24 20:09:02,/O=EXCHANGELABS/OU=EXCHANGE ADMINISTRATIVE GROUP (FYDIBOHF23SPDLT)/CN=RECIPIENTS/CN=FE0E77DFE32C431585E81B8C1DA04FED-903D8D42-BD
2026-08-25 16:23,CUL KLANG,CUKL,REX,123.14,659.38,108.67,0.0,5165.0,108.0,1,2026-08-25 01:00:13,
2026-08-25 16:23,CUL LAEMCHABANG,CULC,REX,642.81,,116.78,,4700.0,93.0,1,2026-08-25 06:05:54,
2026-08-25 16:23,CUL NANSHA,CUNS,CCT,436.5,,85.69,,3875.8,125.0,1,2026-08-24 14:34:01,
2026-08-25 16:23,CUL SHEKOU,CUSK,AEM,298.66,0.77,43.46,0.0,4710.9,165.0,1,2026-08-24 12:11:36,
2026-08-25 16:23,CUL XIAMEN,CUXM,HDT,110.31,0.0,51.3,0.0,2436.0,130.0,1,2026-08-25 00:20:37,
2026-08-25 16:23,CUL YANGPU,CUYP,REX,484.97,0.0,90.57,0.0,4151.0,185.0,1,2026-08-24 12:19:24,
2026-08-25 16:23,DONG FANG MING HAI,DFMH,REX,,,,,,,0,,
2026-08-25 16:23,EVERLASTING HARVEST,EVHA,REX,776.264,,54.4,,3550.0,175.0,1,2026-08-24 15:18:16,
2026-08-25 16:23,EXPRESS BERLIN,XPBL,CGX,1305.5,0.0,569.9,0.0,16614.0,475.0,1,2026-08-25 14:31:49,vsl_117@danaos.com
2026-08-25 16:23,FU YU,FUYU,SGX,276.64,,52.7,,4690.3,114.0,1,2026-08-25 12:27:42,fuyu@lanbaoism.com
2026-08-25 16:23,HAIAN MIND,HAMD,REX,1083.785,0.0,113.17,0.0,5300.0,220.0,1,2026-08-24 15:21:00,
2026-08-25 16:23,HONG DA XIN 728,H728,REX,706.5,,244.34,,3807.4,70.0,1,2026-08-24 17:09:05,
2026-08-25 16:23,HUA DONG 811,H811,SGX,290.72,0.0,43.29,0.0,5403.0,262.0,1,2026-08-24 12:41:53,
2026-08-25 16:23,KAI DA HONG ZHOU,KDHZ,RTS,125.23,0.0,133.498,0.0,2570.0,144.0,1,2026-08-25 05:15:55,KDHZ@Sunward-shipping.com
2026-08-25 16:23,KR TASMAN,KRTM,REX,808.89,,57.6,,1551.7,155.0,1,2026-08-25 14:29:55,krtasman@krsline.com
2026-08-25 16:23,M. MARINER,MMRN,CST/SL1,441.53,0.0,92.14,0.0,2300.0,194.0,1,2026-08-24 19:38:03,
2026-08-25 16:23,M. ODYSSEY,MODS,NSX,52.05,0.0,34.46,0.0,1450.0,36.0,1,2026-08-24 22:19:27,
2026-08-25 16:23,MAO GANG SHANG HAI,MGSH,REX,342.55,,82.35,,7013.0,150.0,1,2026-08-24 17:08:19,
2026-08-25 16:23,MEDKON DON,MEDKON DON,NAX,206.0,,107.32,526.0,3710.5,85.0,1,2026-08-24 19:08:03,medkondon@om-email.net
2026-08-25 16:23,MEDKON LIA,MKLA,NAX,0.0,0.0,35.1,176.8,3223.0,56.0,1,2026-08-24 17:55:48,master@medkonlia.com
2026-08-25 16:23,NEW THINKER,NWTR,JPS,256.242,0.0,49.58,0.0,3054.27,101.0,1,2026-08-25 04:54:22,
2026-08-25 16:23,NILEDUTCH LION,NILEDUTCH LION,CGX,,,,,,,0,,
2026-08-25 16:23,RACINE,RACE,KCI,1822.5,0.0,312.6,0.0,12678.0,262.0,1,2026-08-25 13:51:37,vsl_67@danaos.com
2026-08-25 16:23,SHENGTANG,SHTG,REX,609.61,,374.34,,6154.0,216.0,1,2026-08-24 20:52:02,
2026-08-25 16:23,STAR BLESSING,STBE,IMR,881.3,0.0,72.9,0.0,3908.0,270.0,1,2026-08-25 14:46:28,starblessing@163.com
2026-08-25 16:23,SUNNY 68,SY68,RTS,221.76,,58.36,,2743.0,108.0,1,2026-08-24 16:55:45,
2026-08-25 16:23,TEN VENUS,TNVN,REX,1423.05,,124.96,,1048.0,151.0,1,2026-08-24 14:31:34,tenvenus@gtmailplus.com
2026-08-25 16:23,TIGER LONGKOU,TGLK,REX,368.96,,185.68,,5658.0,244.0,1,2026-08-24 22:07:32,tiger.longkou@greathorse.com.cn
2026-08-25 16:23,WAN FU DA,WNFD,REX,1248.08,0.0,243.13,0.0,6068.0,342.0,1,2026-08-25 12:05:53,wanfuda668@126.com
2026-08-25 16:23,XING DONG 88,XD88,REX,94.0,0.0,25.1,0.0,3959.0,111.0,1,2026-08-24 17:34:32,xingdong88ship@163.com
2026-08-25 16:23,ZBM,CZBM,IMR,499.8,,140.0,,5419.0,150.0,1,2026-08-24 21:54:54,master.zbm@nautivoyage.com
2026-08-25 16:23,ZHI YING HE SHUN,ZYHS,NP2,214.91,,49.81,,5230.0,200.0,1,2026-08-24 11:58:28,
2026-08-25 16:23,ZHONG GU NAN CHANG,ZGNC,AEM,439.27,,214.3,0.0,16221.0,219.5,1,2026-08-24 17:15:47,zgnc@zhonggushipping.com
2026-08-25 16:23,ZHONG GU YIN CHUAN,ZGYC,REX,110.48,0.0,410.34,0.0,13231.0,166.0,1,2026-08-25 14:37:55,zgyc@zhonggushipping.com
2026-08-25 16:23,ZHONG GU ZHU HAI,ZGZH,RES,292.59,,3.33,,6937.0,129.0,1,2026-08-24 17:22:42,zhongguzhuhai@zhonggushipping.com
2026-08-25 16:23,ZHONG LIAN SHAN TOU,ZLST,RTS,234.45,0.0,105.27,0.0,1602.0,58.0,1,2026-08-24 17:14:18,
2026-08-26 10:19,ASR,ASRR,NAX,0.0,267.0,38.7,193.8,1764.0,51.0,1,2026-08-25 19:01:59,asr@speedmailplus.com
2026-08-26 10:19,BAMSI BEYREK,BIBK,HLX,1557.3,0.0,124.8,0.0,6220.0,199.0,1,2026-08-25 12:48:34,bamsibeyrek@negmar.com
2026-08-26 10:19,BZ CHONGFU,BZCF,REX,3732.033000000001,0.0,508.37699999999995,0.0,980.0,177.0,1,2026-08-25 17:34:40,bzchongfu@163.com
2026-08-26 10:19,CHANG SHENG JI 7,CSJ7,REX,294.16,,80.45,,6180.0,121.0,1,2026-08-25 15:18:22,changshengji7@sina.com
2026-08-26 10:19,CHANG SHENG JI 8,CSJ8,REX,312.9,,66.4,,7855.0,53.0,1,2026-08-25 17:20:59,changshengji8@sina.com
2026-08-26 10:19,CUL HAIPHONG,CUHP,ST3,91.45,0.0,170.93,0.0,2230.0,229.0,1,2026-08-25 09:33:19,
2026-08-26 10:19,CUL HOCHIMINH,CUHC,AEM,350.18,669.662,154.39,0.0,4352.0,135.0,1,2026-08-24 12:18:38,
2026-08-26 10:19,CUL HUANGPU,CUHA,NSCT1,441.29,0.0,46.8,0.0,2630.0,199.0,1,2026-08-25 15:54:43,/O=EXCHANGELABS/OU=EXCHANGE ADMINISTRATIVE GROUP (FYDIBOHF23SPDLT)/CN=RECIPIENTS/CN=4FE697DF4D614F729308992F675756CD-9C7B291A-20
2026-08-26 10:19,CUL HUMEN,CUHM,RTS,828.54,0.0,128.57,,4111.0,80.0,1,2026-08-25 17:45:45,/O=EXCHANGELABS/OU=EXCHANGE ADMINISTRATIVE GROUP (FYDIBOHF23SPDLT)/CN=RECIPIENTS/CN=FE0E77DFE32C431585E81B8C1DA04FED-903D8D42-BD
2026-08-26 10:19,CUL KLANG,CUKL,REX,123.14,659.38,108.67,0.0,5165.0,108.0,1,2026-08-25 01:00:13,
2026-08-26 10:19,CUL LAEMCHABANG,CULC,REX,642.81,,116.78,,4700.0,93.0,1,2026-08-25 06:05:54,
2026-08-26 10:19,CUL NANSHA,CUNS,CCT,436.5,,85.69,,3875.8,125.0,1,2026-08-24 14:34:01,
2026-08-26 10:19,CUL SHEKOU,CUSK,AEM,298.66,0.77,43.46,0.0,4710.9,165.0,1,2026-08-24 12:11:36,
2026-08-26 10:19,CUL XIAMEN,CUXM,HDT,110.31,0.0,51.3,0.0,2436.0,130.0,1,2026-08-25 00:20:37,
2026-08-26 10:19,CUL YANGPU,CUYP,REX,484.97,0.0,90.57,0.0,4151.0,185.0,1,2026-08-24 12:19:24,
2026-08-26 10:19,DONG FANG MING HAI,DFMH,REX,,,,,,,0,,
2026-08-26 10:19,EVERLASTING HARVEST,EVHA,REX,776.264,,54.4,,3550.0,175.0,1,2026-08-24 15:18:16,
2026-08-26 10:19,EXPRESS BERLIN,XPBL,CGX,1305.5,0.0,569.9,0.0,16614.0,475.0,1,2026-08-25 14:31:49,vsl_117@danaos.com
2026-08-26 10:19,FU YU,FUYU,SGX,276.64,,52.7,,4690.3,114.0,1,2026-08-25 12:27:42,fuyu@lanbaoism.com
2026-08-26 10:19,HAIAN MIND,HAMD,REX,1083.785,0.0,113.17,0.0,5300.0,220.0,1,2026-08-24 15:21:00,
2026-08-26 10:19,HONG DA XIN 728,H728,REX,706.5,,244.34,,3807.4,70.0,1,2026-08-24 17:09:05,
2026-08-26 10:19,HUA DONG 811,H811,SGX,290.72,0.0,43.29,0.0,5403.0,262.0,1,2026-08-24 12:41:53,
2026-08-26 10:19,KAI DA HONG ZHOU,KDHZ,RTS,125.23,0.0,133.238,0.0,2570.0,144.0,1,2026-08-25 17:20:13,KDHZ@Sunward-shipping.com
2026-08-26 10:19,KR TASMAN,KRTM,REX,808.89,,57.6,,1551.7,155.0,1,2026-08-25 14:29:55,krtasman@krsline.com
2026-08-26 10:19,M. MARINER,MMRN,CST/SL1,441.53,0.0,92.14,0.0,2300.0,194.0,1,2026-08-24 19:38:03,
2026-08-26 10:19,M. ODYSSEY,MODS,NSX,52.05,0.0,34.46,0.0,1450.0,36.0,1,2026-08-24 22:19:27,
2026-08-26 10:19,MAO GANG SHANG HAI,MGSH,REX,342.55,,82.35,,7013.0,150.0,1,2026-08-24 17:08:19,
2026-08-26 10:19,MEDKON DON,MEDKON DON,NAX,206.0,,107.0,509.7,3710.5,74.0,1,2026-08-26 06:29:55,medkondon@om-email.net
2026-08-26 10:19,MEDKON LIA,MKLA,NAX,0.0,0.0,35.1,156.8,3223.0,54.0,1,2026-08-25 18:16:43,master@medkonlia.com
2026-08-26 10:19,NEW THINKER,NWTR,JPS,256.242,0.0,49.58,0.0,3054.27,101.0,1,2026-08-25 04:54:22,
2026-08-26 10:19,NILEDUTCH LION,NILEDUTCH LION,CGX,,,,,,,0,,
2026-08-26 10:19,RACINE,RACE,KCI,1822.5,0.0,312.6,0.0,12678.0,262.0,1,2026-08-25 13:51:37,vsl_67@danaos.com
2026-08-26 10:19,SHENGTANG,SHTG,REX,609.61,,374.34,,6154.0,216.0,1,2026-08-24 20:52:02,
2026-08-26 10:19,STAR BLESSING,STBE,IMR,879.3,0.0,72.9,0.0,3908.0,275.0,1,2026-08-26 04:34:26,starblessing@163.com
2026-08-26 10:19,SUNNY 68,SY68,RTS,221.76,,58.36,,2743.0,108.0,1,2026-08-24 16:55:45,
2026-08-26 10:19,TEN VENUS,TNVN,REX,1374.05,,124.96,,1048.0,158.0,1,2026-08-25 15:51:58,tenvenus@gtmailplus.com
2026-08-26 10:19,TIGER LONGKOU,TGLK,REX,348.18,,182.27,,5658.0,240.0,1,2026-08-25 17:04:29,tiger.longkou@greathorse.com.cn
2026-08-26 10:19,WAN FU DA,WNFD,REX,1248.08,0.0,243.13,0.0,6068.0,342.0,1,2026-08-25 12:05:53,wanfuda668@126.com
2026-08-26 10:19,XING DONG 88,XD88,REX,94.0,0.0,14.4,0.0,3959.0,107.0,1,2026-08-25 17:13:32,xingdong88ship@163.com
2026-08-26 10:19,ZBM,CZBM,IMR,481.8,,137.0,,5419.0,150.0,1,2026-08-25 23:28:40,master.zbm@nautivoyage.com
2026-08-26 10:19,ZHI YING HE SHUN,ZYHS,NP2,214.91,,49.81,,5230.0,200.0,1,2026-08-24 11:58:28,
2026-08-26 10:19,ZHONG GU NAN CHANG,ZGNC,AEM,391.16,,214.3,0.0,16221.0,218.5,1,2026-08-25 17:31:37,zgnc@zhonggushipping.com
2026-08-26 10:19,ZHONG GU YIN CHUAN,ZGYC,REX,110.48,0.0,410.34,0.0,13231.0,166.0,1,2026-08-25 14:37:55,zgyc@zhonggushipping.com
2026-08-26 10:19,ZHONG GU ZHU HAI,ZGZH,RES,287.39,,3.33,,6937.0,126.0,1,2026-08-25 17:08:40,zhongguzhuhai@zhonggushipping.com
2026-08-26 10:19,ZHONG LIAN SHAN TOU,ZLST,RTS,234.45,0.0,105.27,0.0,1602.0,58.0,1,2026-08-24 17:14:18,
2026-08-26 10:48,ASR,ASRR,NAX,0.0,267.0,38.7,193.8,1764.0,51.0,1,2026-08-25 19:01:59,asr@speedmailplus.com
2026-08-26 10:48,BAMSI BEYREK,BIBK,HLX,1557.3,0.0,124.8,0.0,6220.0,199.0,1,2026-08-25 12:48:34,bamsibeyrek@negmar.com
2026-08-26 10:48,BZ CHONGFU,BZCF,REX,3732.033000000001,0.0,508.37699999999995,0.0,980.0,177.0,1,2026-08-25 17:34:40,bzchongfu@163.com
2026-08-26 10:48,CHANG SHENG JI 7,CSJ7,REX,294.16,,80.45,,6180.0,121.0,1,2026-08-25 15:18:22,changshengji7@sina.com
2026-08-26 10:48,CHANG SHENG JI 8,CSJ8,REX,312.9,,66.4,,7855.0,53.0,1,2026-08-25 17:20:59,changshengji8@sina.com
2026-08-26 10:48,CUL HAIPHONG,CUHP,ST3,91.45,0.0,170.71,0.0,2230.0,220.0,1,2026-08-25 12:33:11,culhaiphong@goodever.com.cn
2026-08-26 10:48,CUL HOCHIMINH,CUHC,AEM,342.16,669.662,154.39,0.0,4352.0,130.0,1,2026-08-26 03:58:55,/O=EXCHANGELABS/OU=EXCHANGE ADMINISTRATIVE GROUP (FYDIBOHF23SPDLT)/CN=RECIPIENTS/CN=A25E7EC334214CDAAF9D6EA383FF945C-C6050E84-C6
2026-08-26 10:48,CUL HUANGPU,CUHA,NSCT1,441.29,0.0,46.8,0.0,2630.0,199.0,1,2026-08-25 15:54:43,/O=EXCHANGELABS/OU=EXCHANGE ADMINISTRATIVE GROUP (FYDIBOHF23SPDLT)/CN=RECIPIENTS/CN=4FE697DF4D614F729308992F675756CD-9C7B291A-20
2026-08-26 10:48,CUL HUMEN,CUHM,RTS,828.54,0.0,128.57,,4111.0,80.0,1,2026-08-25 17:45:45,/O=EXCHANGELABS/OU=EXCHANGE ADMINISTRATIVE GROUP (FYDIBOHF23SPDLT)/CN=RECIPIENTS/CN=FE0E77DFE32C431585E81B8C1DA04FED-903D8D42-BD
2026-08-26 10:48,CUL KLANG,CUKL,REX,116.94,659.38,108.67,0.0,5165.0,102.0,1,2026-08-26 04:25:33,/O=EXCHANGELABS/OU=EXCHANGE ADMINISTRATIVE GROUP (FYDIBOHF23SPDLT)/CN=RECIPIENTS/CN=F0CDD50E1E2B488EB1E940FCC49E5401-4426C3DC-6B
2026-08-26 10:48,CUL LAEMCHABANG,CULC,REX,624.54,,116.58,,4700.0,92.0,1,2026-08-25 19:38:52,/O=EXCHANGELABS/OU=EXCHANGE ADMINISTRATIVE GROUP (FYDIBOHF23SPDLT)/CN=RECIPIENTS/CN=8B95A97E216A47DF92BE5E46412D87E0-381ED105-6D
2026-08-26 10:48,CUL NANSHA,CUNS,CCT,402.39,,85.69,,3875.8,130.0,1,2026-08-25 13:13:52,/O=EXCHANGELABS/OU=EXCHANGE ADMINISTRATIVE GROUP (FYDIBOHF23SPDLT)/CN=RECIPIENTS/CN=A4B5B2391D8E4DBDA7C8BAF4107F532F-4D0FCA63-AD
2026-08-26 10:48,CUL SHEKOU,CUSK,AEM,294.4,0.77,43.46,0.0,4710.9,165.0,1,2026-08-25 12:17:36,/O=EXCHANGELABS/OU=EXCHANGE ADMINISTRATIVE GROUP (FYDIBOHF23SPDLT)/CN=RECIPIENTS/CN=2B27F960C2BA459C9D5BF64269AEE163-63A01EF9-C6
2026-08-26 10:48,CUL XIAMEN,CUXM,HDT,92.66,0.0,51.3,0.0,2436.0,125.0,1,2026-08-25 12:46:06,/O=EXCHANGELABS/OU=EXCHANGE ADMINISTRATIVE GROUP (FYDIBOHF23SPDLT)/CN=RECIPIENTS/CN=38735DD42A654DE7BBCAEA9E8643D993-42243E63-2A
2026-08-26 10:48,CUL YANGPU,CUYP,REX,459.34,0.0,90.57,0.0,4151.0,196.0,1,2026-08-25 12:34:52,/O=EXCHANGELABS/OU=EXCHANGE ADMINISTRATIVE GROUP (FYDIBOHF23SPDLT)/CN=RECIPIENTS/CN=7291764A37244327AC80D1F8E79DFB55-E91ED0F9-21
2026-08-26 10:48,DONG FANG MING HAI,DFMH,REX,,,,,,,0,,
2026-08-26 10:48,EVERLASTING HARVEST,EVHA,REX,776.264,,54.4,,3550.0,175.0,1,2026-08-24 15:18:16,
2026-08-26 10:48,EXPRESS BERLIN,XPBL,CGX,1305.5,0.0,569.9,0.0,16614.0,475.0,1,2026-08-25 14:31:49,vsl_117@danaos.com
2026-08-26 10:48,FU YU,FUYU,SGX,276.64,,52.7,,4690.3,114.0,1,2026-08-25 12:27:42,fuyu@lanbaoism.com
2026-08-26 10:48,HAIAN MIND,HAMD,REX,1083.785,0.0,113.17,0.0,5300.0,220.0,1,2026-08-24 15:21:00,
2026-08-26 10:48,HONG DA XIN 728,H728,REX,689.76,,244.06,,3807.4,65.0,1,2026-08-25 17:54:30,hongdaxin728@msatmail.com
2026-08-26 10:48,HUA DONG 811,H811,SGX,277.36,0.0,43.29,0.0,5403.0,260.0,1,2026-08-25 12:15:07,huadong811@msatmail.com
2026-08-26 10:48,KAI DA HONG ZHOU,KDHZ,RTS,125.23,0.0,133.238,0.0,2570.0,144.0,1,2026-08-25 17:20:13,KDHZ@Sunward-shipping.com
2026-08-26 10:48,KR TASMAN,KRTM,REX,808.89,,57.6,,1551.7,155.0,1,2026-08-25 14:29:55,krtasman@krsline.com
2026-08-26 10:48,M. MARINER,MMRN,CST/SL1,441.53,0.0,92.14,0.0,2300.0,194.0,1,2026-08-24 19:38:03,
2026-08-26 10:48,M. ODYSSEY,MODS,NSX,52.05,0.0,34.46,0.0,1450.0,36.0,1,2026-08-24 22:19:27,
2026-08-26 10:48,MAO GANG SHANG HAI,MGSH,REX,332.7,,81.1,,7013.0,152.0,1,2026-08-25 17:06:08,maogangshanghai@126.com
2026-08-26 10:48,MEDKON DON,MEDKON DON,NAX,206.0,,107.0,509.7,3710.5,74.0,1,2026-08-26 06:29:55,medkondon@om-email.net
2026-08-26 10:48,MEDKON LIA,MKLA,NAX,0.0,0.0,35.1,156.8,3223.0,54.0,1,2026-08-25 18:16:43,master@medkonlia.com
2026-08-26 10:48,NEW THINKER,NWTR,JPS,256.242,0.0,49.58,0.0,3054.27,101.0,1,2026-08-25 04:54:22,
2026-08-26 10:48,NILEDUTCH LION,NILEDUTCH LION,CGX,,,,,,,0,,
2026-08-26 10:48,RACINE,RACE,KCI,1822.5,0.0,312.6,0.0,12678.0,262.0,1,2026-08-25 13:51:37,vsl_67@danaos.com
2026-08-26 10:48,SHENGTANG,SHTG,REX,605.91,,374.34,,6154.0,213.0,1,2026-08-25 16:55:12,shengtang178@163.com
2026-08-26 10:48,STAR BLESSING,STBE,IMR,879.3,0.0,72.9,0.0,3908.0,275.0,1,2026-08-26 04:34:26,starblessing@163.com
2026-08-26 10:48,SUNNY 68,SY68,RTS,221.76,,58.36,,2743.0,108.0,1,2026-08-24 16:55:45,
2026-08-26 10:48,TEN VENUS,TNVN,REX,1374.05,,124.96,,1048.0,158.0,1,2026-08-25 15:51:58,tenvenus@gtmailplus.com
2026-08-26 10:48,TIGER LONGKOU,TGLK,REX,348.18,,182.27,,5658.0,240.0,1,2026-08-25 17:04:29,tiger.longkou@greathorse.com.cn
2026-08-26 10:48,WAN FU DA,WNFD,REX,1248.08,0.0,243.13,0.0,6068.0,342.0,1,2026-08-25 12:05:53,wanfuda668@126.com
2026-08-26 10:48,XING DONG 88,XD88,REX,94.0,0.0,14.4,0.0,3959.0,107.0,1,2026-08-25 17:13:32,xingdong88ship@163.com
2026-08-26 10:48,ZBM,CZBM,IMR,481.8,,137.0,,5419.0,150.0,1,2026-08-25 23:28:40,master.zbm@nautivoyage.com
2026-08-26 10:48,ZHI YING HE SHUN,ZYHS,NP2,214.91,,48.81,,5230.0,198.0,1,2026-08-25 12:05:15,zhiyingheshun@lanbaoism.com
2026-08-26 10:48,ZHONG GU NAN CHANG,ZGNC,AEM,391.16,,214.3,0.0,16221.0,218.5,1,2026-08-25 17:31:37,zgnc@zhonggushipping.com
2026-08-26 10:48,ZHONG GU YIN CHUAN,ZGYC,REX,110.48,0.0,410.34,0.0,13231.0,166.0,1,2026-08-25 14:37:55,zgyc@zhonggushipping.com
2026-08-26 10:48,ZHONG GU ZHU HAI,ZGZH,RES,287.39,,3.33,,6937.0,126.0,1,2026-08-25 17:08:40,zhongguzhuhai@zhonggushipping.com
2026-08-26 10:48,ZHONG LIAN SHAN TOU,ZLST,RTS,221.16,,103.34,,1602.0,54.0,1,2026-08-25 23:45:26,/O=EXCHANGELABS/OU=EXCHANGE ADMINISTRATIVE GROUP (FYDIBOHF23SPDLT)/CN=RECIPIENTS/CN=4FEC45EACB56408EADDE7CFEDF794448-F4604292-6F
2026-08-26 12:51,ASR,ASRR,NAX,0.0,267.0,38.7,193.8,1764.0,51.0,1,2026-08-25 19:01:59,asr@speedmailplus.com
2026-08-26 12:51,BAMSI BEYREK,BIBK,HLX,1557.3,0.0,124.8,0.0,6220.0,199.0,1,2026-08-25 12:48:34,bamsibeyrek@negmar.com
2026-08-26 12:51,BZ CHONGFU,BZCF,REX,3732.033000000001,0.0,508.37699999999995,0.0,980.0,177.0,1,2026-08-25 17:34:40,bzchongfu@163.com
2026-08-26 12:51,CHANG SHENG JI 7,CSJ7,REX,294.16,,80.45,,6180.0,121.0,1,2026-08-25 15:18:22,changshengji7@sina.com
2026-08-26 12:51,CHANG SHENG JI 8,CSJ8,REX,312.9,,66.4,,7855.0,53.0,1,2026-08-25 17:20:59,changshengji8@sina.com
2026-08-26 12:51,CUL HAIPHONG,CUHP,ST3,91.45,0.0,169.05,0.0,2230.0,215.0,1,2026-08-26 12:37:22,culhaiphong@goodever.com.cn
2026-08-26 12:51,CUL HOCHIMINH,CUHC,AEM,342.16,669.662,154.39,0.0,4352.0,130.0,1,2026-08-26 03:58:55,/O=EXCHANGELABS/OU=EXCHANGE ADMINISTRATIVE GROUP (FYDIBOHF23SPDLT)/CN=RECIPIENTS/CN=A25E7EC334214CDAAF9D6EA383FF945C-C6050E84-C6
2026-08-26 12:51,CUL HUANGPU,CUHA,NSCT1,441.29,0.0,46.8,0.0,2630.0,199.0,1,2026-08-25 15:54:43,/O=EXCHANGELABS/OU=EXCHANGE ADMINISTRATIVE GROUP (FYDIBOHF23SPDLT)/CN=RECIPIENTS/CN=4FE697DF4D614F729308992F675756CD-9C7B291A-20
2026-08-26 12:51,CUL HUMEN,CUHM,RTS,828.54,0.0,128.57,,4111.0,80.0,1,2026-08-25 17:45:45,/O=EXCHANGELABS/OU=EXCHANGE ADMINISTRATIVE GROUP (FYDIBOHF23SPDLT)/CN=RECIPIENTS/CN=FE0E77DFE32C431585E81B8C1DA04FED-903D8D42-BD
2026-08-26 12:51,CUL KLANG,CUKL,REX,114.14,647.88,108.67,0.0,5165.0,105.0,1,2026-08-26 12:17:17,/O=EXCHANGELABS/OU=EXCHANGE ADMINISTRATIVE GROUP (FYDIBOHF23SPDLT)/CN=RECIPIENTS/CN=F0CDD50E1E2B488EB1E940FCC49E5401-4426C3DC-6B
2026-08-26 12:51,CUL LAEMCHABANG,CULC,REX,624.54,,116.58,,4700.0,92.0,1,2026-08-25 19:38:52,/O=EXCHANGELABS/OU=EXCHANGE ADMINISTRATIVE GROUP (FYDIBOHF23SPDLT)/CN=RECIPIENTS/CN=8B95A97E216A47DF92BE5E46412D87E0-381ED105-6D
2026-08-26 12:51,CUL NANSHA,CUNS,CCT,402.39,,85.69,,3875.8,130.0,1,2026-08-25 13:13:52,/O=EXCHANGELABS/OU=EXCHANGE ADMINISTRATIVE GROUP (FYDIBOHF23SPDLT)/CN=RECIPIENTS/CN=A4B5B2391D8E4DBDA7C8BAF4107F532F-4D0FCA63-AD
2026-08-26 12:51,CUL SHEKOU,CUSK,AEM,289.93,0.77,43.46,0.0,4710.9,149.0,1,2026-08-26 12:05:58,/O=EXCHANGELABS/OU=EXCHANGE ADMINISTRATIVE GROUP (FYDIBOHF23SPDLT)/CN=RECIPIENTS/CN=2B27F960C2BA459C9D5BF64269AEE163-63A01EF9-C6
2026-08-26 12:51,CUL XIAMEN,CUXM,HDT,70.31,0.0,51.25,0.0,2436.0,120.0,1,2026-08-26 12:29:41,/O=EXCHANGELABS/OU=EXCHANGE ADMINISTRATIVE GROUP (FYDIBOHF23SPDLT)/CN=RECIPIENTS/CN=38735DD42A654DE7BBCAEA9E8643D993-42243E63-2A
2026-08-26 12:51,CUL YANGPU,CUYP,REX,437.49,0.0,90.57,0.0,4151.0,196.0,1,2026-08-26 12:38:20,/O=EXCHANGELABS/OU=EXCHANGE ADMINISTRATIVE GROUP (FYDIBOHF23SPDLT)/CN=RECIPIENTS/CN=7291764A37244327AC80D1F8E79DFB55-E91ED0F9-21
2026-08-26 12:51,DONG FANG MING HAI,DFMH,REX,,,,,,,0,,
2026-08-26 12:51,EVERLASTING HARVEST,EVHA,REX,776.264,,54.4,,3550.0,175.0,1,2026-08-24 15:18:16,
2026-08-26 12:51,EXPRESS BERLIN,XPBL,CGX,1305.5,0.0,569.9,0.0,16614.0,475.0,1,2026-08-25 14:31:49,vsl_117@danaos.com
2026-08-26 12:51,FU YU,FUYU,SGX,265.14,,52.7,,4690.3,111.0,1,2026-08-26 12:24:40,fuyu@lanbaoism.com
2026-08-26 12:51,HAIAN MIND,HAMD,REX,1083.785,0.0,113.17,0.0,5300.0,220.0,1,2026-08-24 15:21:00,
2026-08-26 12:51,HONG DA XIN 728,H728,REX,689.76,,244.06,,3807.4,65.0,1,2026-08-25 17:54:30,hongdaxin728@msatmail.com
2026-08-26 12:51,HUA DONG 811,H811,SGX,264.0,0.0,43.29,0.0,5403.0,255.0,1,2026-08-26 12:07:40,huadong811@msatmail.com
2026-08-26 12:51,KAI DA HONG ZHOU,KDHZ,RTS,125.23,0.0,133.238,0.0,2570.0,144.0,1,2026-08-25 17:20:13,KDHZ@Sunward-shipping.com
2026-08-26 12:51,KR TASMAN,KRTM,REX,808.89,,57.6,,1551.7,155.0,1,2026-08-25 14:29:55,krtasman@krsline.com
2026-08-26 12:51,M. MARINER,MMRN,CST/SL1,441.53,0.0,92.14,0.0,2300.0,194.0,1,2026-08-24 19:38:03,
2026-08-26 12:51,M. ODYSSEY,MODS,NSX,52.05,0.0,34.46,0.0,1450.0,36.0,1,2026-08-24 22:19:27,
2026-08-26 12:51,MAO GANG SHANG HAI,MGSH,REX,332.7,,81.1,,7013.0,152.0,1,2026-08-25 17:06:08,maogangshanghai@126.com
2026-08-26 12:51,MEDKON DON,MEDKON DON,NAX,206.0,,107.0,509.7,3710.5,74.0,1,2026-08-26 06:29:55,medkondon@om-email.net
2026-08-26 12:51,MEDKON LIA,MKLA,NAX,0.0,0.0,35.1,156.8,3223.0,54.0,1,2026-08-25 18:16:43,master@medkonlia.com
2026-08-26 12:51,NEW THINKER,NWTR,JPS,256.242,0.0,49.58,0.0,3054.27,101.0,1,2026-08-25 04:54:22,
2026-08-26 12:51,NILEDUTCH LION,NILEDUTCH LION,CGX,,,,,,,0,,
2026-08-26 12:51,RACINE,RACE,KCI,1822.5,0.0,312.6,0.0,12678.0,262.0,1,2026-08-25 13:51:37,vsl_67@danaos.com
2026-08-26 12:51,SHENGTANG,SHTG,REX,605.91,,374.34,,6154.0,213.0,1,2026-08-25 16:55:12,shengtang178@163.com
2026-08-26 12:51,STAR BLESSING,STBE,IMR,879.3,0.0,72.9,0.0,3908.0,275.0,1,2026-08-26 04:34:26,starblessing@163.com
2026-08-26 12:51,SUNNY 68,SY68,RTS,221.76,,58.36,,2743.0,108.0,1,2026-08-24 16:55:45,
2026-08-26 12:51,TEN VENUS,TNVN,REX,1374.05,,124.96,,1048.0,158.0,1,2026-08-25 15:51:58,tenvenus@gtmailplus.com
2026-08-26 12:51,TIGER LONGKOU,TGLK,REX,348.18,,182.27,,5658.0,240.0,1,2026-08-25 17:04:29,tiger.longkou@greathorse.com.cn
2026-08-26 12:51,WAN FU DA,WNFD,REX,1248.08,0.0,243.13,0.0,6068.0,342.0,1,2026-08-25 12:05:53,wanfuda668@126.com
2026-08-26 12:51,XING DONG 88,XD88,REX,94.0,0.0,14.4,0.0,3959.0,107.0,1,2026-08-25 17:13:32,xingdong88ship@163.com
2026-08-26 12:51,ZBM,CZBM,IMR,481.8,,137.0,,5419.0,150.0,1,2026-08-25 23:28:40,master.zbm@nautivoyage.com
2026-08-26 12:51,ZHI YING HE SHUN,ZYHS,NP2,214.91,,44.76,,5230.0,196.0,1,2026-08-26 12:27:22,zhiyingheshun@lanbaoism.com
2026-08-26 12:51,ZHONG GU NAN CHANG,ZGNC,AEM,391.16,,214.3,0.0,16221.0,218.5,1,2026-08-25 17:31:37,zgnc@zhonggushipping.com
2026-08-26 12:51,ZHONG GU YIN CHUAN,ZGYC,REX,110.48,0.0,410.34,0.0,13231.0,166.0,1,2026-08-25 14:37:55,zgyc@zhonggushipping.com
2026-08-26 12:51,ZHONG GU ZHU HAI,ZGZH,RES,287.39,,3.33,,6937.0,126.0,1,2026-08-25 17:08:40,zhongguzhuhai@zhonggushipping.com
2026-08-26 12:51,ZHONG LIAN SHAN TOU,ZLST,RTS,221.16,,103.34,,1602.0,54.0,1,2026-08-25 23:45:26,/O=EXCHANGELABS/OU=EXCHANGE ADMINISTRATIVE GROUP (FYDIBOHF23SPDLT)/CN=RECIPIENTS/CN=4FEC45EACB56408EADDE7CFEDF794448-F4604292-6F
2026-08-26 14:34,ASR,ASRR,NAX,0.0,267.0,38.7,193.8,1764.0,51.0,1,2026-08-25 19:01:59,asr@speedmailplus.com
2026-08-26 14:34,BAMSI BEYREK,BIBK,HLX,1524.5,0.0,124.8,0.0,6220.0,204.0,1,2026-08-26 14:03:15,bamsibeyrek@negmar.com
2026-08-26 14:34,BZ CHONGFU,BZCF,REX,3732.033000000001,0.0,508.37699999999995,0.0,980.0,177.0,1,2026-08-25 17:34:40,bzchongfu@163.com
2026-08-26 14:34,CHANG SHENG JI 7,CSJ7,REX,294.16,,80.45,,6180.0,121.0,1,2026-08-25 15:18:22,changshengji7@sina.com
2026-08-26 14:34,CHANG SHENG JI 8,CSJ8,REX,312.9,,66.4,,7855.0,53.0,1,2026-08-25 17:20:59,changshengji8@sina.com
2026-08-26 14:34,CUL HAIPHONG,CUHP,ST3,91.45,0.0,169.05,0.0,2230.0,215.0,1,2026-08-26 12:37:22,culhaiphong@goodever.com.cn
2026-08-26 14:34,CUL HOCHIMINH,CUHC,AEM,337.21,669.662,154.39,0.0,4352.0,129.0,1,2026-08-26 13:01:17,/O=EXCHANGELABS/OU=EXCHANGE ADMINISTRATIVE GROUP (FYDIBOHF23SPDLT)/CN=RECIPIENTS/CN=A25E7EC334214CDAAF9D6EA383FF945C-C6050E84-C6
2026-08-26 14:34,CUL HUANGPU,CUHA,NSCT1,441.29,0.0,46.8,0.0,2630.0,199.0,1,2026-08-25 15:54:43,/O=EXCHANGELABS/OU=EXCHANGE ADMINISTRATIVE GROUP (FYDIBOHF23SPDLT)/CN=RECIPIENTS/CN=4FE697DF4D614F729308992F675756CD-9C7B291A-20
2026-08-26 14:34,CUL HUMEN,CUHM,RTS,828.54,0.0,128.57,,4111.0,80.0,1,2026-08-25 17:45:45,/O=EXCHANGELABS/OU=EXCHANGE ADMINISTRATIVE GROUP (FYDIBOHF23SPDLT)/CN=RECIPIENTS/CN=FE0E77DFE32C431585E81B8C1DA04FED-903D8D42-BD
2026-08-26 14:34,CUL KLANG,CUKL,REX,114.14,647.88,108.67,0.0,5165.0,105.0,1,2026-08-26 12:17:17,/O=EXCHANGELABS/OU=EXCHANGE ADMINISTRATIVE GROUP (FYDIBOHF23SPDLT)/CN=RECIPIENTS/CN=F0CDD50E1E2B488EB1E940FCC49E5401-4426C3DC-6B
2026-08-26 14:34,CUL LAEMCHABANG,CULC,REX,624.54,,116.58,,4700.0,92.0,1,2026-08-25 19:38:52,/O=EXCHANGELABS/OU=EXCHANGE ADMINISTRATIVE GROUP (FYDIBOHF23SPDLT)/CN=RECIPIENTS/CN=8B95A97E216A47DF92BE5E46412D87E0-381ED105-6D
2026-08-26 14:34,CUL NANSHA,CUNS,CCT,368.92,,85.69,,3875.8,135.0,1,2026-08-26 13:24:41,/O=EXCHANGELABS/OU=EXCHANGE ADMINISTRATIVE GROUP (FYDIBOHF23SPDLT)/CN=RECIPIENTS/CN=A4B5B2391D8E4DBDA7C8BAF4107F532F-4D0FCA63-AD
2026-08-26 14:34,CUL SHEKOU,CUSK,AEM,289.93,0.77,43.46,0.0,4710.9,149.0,1,2026-08-26 12:05:58,/O=EXCHANGELABS/OU=EXCHANGE ADMINISTRATIVE GROUP (FYDIBOHF23SPDLT)/CN=RECIPIENTS/CN=2B27F960C2BA459C9D5BF64269AEE163-63A01EF9-C6
2026-08-26 14:34,CUL XIAMEN,CUXM,HDT,70.31,0.0,51.25,0.0,2436.0,120.0,1,2026-08-26 12:29:41,/O=EXCHANGELABS/OU=EXCHANGE ADMINISTRATIVE GROUP (FYDIBOHF23SPDLT)/CN=RECIPIENTS/CN=38735DD42A654DE7BBCAEA9E8643D993-42243E63-2A
2026-08-26 14:34,CUL YANGPU,CUYP,REX,437.49,0.0,90.57,0.0,4151.0,196.0,1,2026-08-26 12:38:20,/O=EXCHANGELABS/OU=EXCHANGE ADMINISTRATIVE GROUP (FYDIBOHF23SPDLT)/CN=RECIPIENTS/CN=7291764A37244327AC80D1F8E79DFB55-E91ED0F9-21
2026-08-26 14:34,DONG FANG MING HAI,DFMH,REX,,,,,,,0,,
2026-08-26 14:34,EVERLASTING HARVEST,EVHA,REX,776.264,,54.4,,3550.0,175.0,1,2026-08-24 15:18:16,
2026-08-26 14:34,EXPRESS BERLIN,XPBL,CGX,1305.5,0.0,569.9,0.0,16614.0,475.0,1,2026-08-25 14:31:49,vsl_117@danaos.com
2026-08-26 14:34,FU YU,FUYU,SGX,265.14,,52.7,,4690.3,111.0,1,2026-08-26 12:24:40,fuyu@lanbaoism.com
2026-08-26 14:34,HAIAN MIND,HAMD,REX,1083.785,0.0,113.17,0.0,5300.0,220.0,1,2026-08-24 15:21:00,
2026-08-26 14:34,HONG DA XIN 728,H728,REX,689.76,,244.06,,3807.4,65.0,1,2026-08-25 17:54:30,hongdaxin728@msatmail.com
2026-08-26 14:34,HUA DONG 811,H811,SGX,264.0,0.0,43.29,0.0,5403.0,255.0,1,2026-08-26 12:07:40,huadong811@msatmail.com
2026-08-26 14:34,KAI DA HONG ZHOU,KDHZ,RTS,125.23,0.0,133.238,0.0,2570.0,144.0,1,2026-08-25 17:20:13,KDHZ@Sunward-shipping.com
2026-08-26 14:34,KR TASMAN,KRTM,REX,808.89,,57.6,,1551.7,155.0,1,2026-08-25 14:29:55,krtasman@krsline.com
2026-08-26 14:34,M. MARINER,MMRN,CST/SL1,441.53,0.0,92.14,0.0,2300.0,194.0,1,2026-08-24 19:38:03,
2026-08-26 14:34,M. ODYSSEY,MODS,NSX,52.05,0.0,34.46,0.0,1450.0,36.0,1,2026-08-24 22:19:27,
2026-08-26 14:34,MAO GANG SHANG HAI,MGSH,REX,332.7,,81.1,,7013.0,152.0,1,2026-08-25 17:06:08,maogangshanghai@126.com
2026-08-26 14:34,MEDKON DON,MEDKON DON,NAX,206.0,,107.0,509.7,3710.5,74.0,1,2026-08-26 06:29:55,medkondon@om-email.net
2026-08-26 14:34,MEDKON LIA,MKLA,NAX,0.0,0.0,35.1,156.8,3223.0,54.0,1,2026-08-25 18:16:43,master@medkonlia.com
2026-08-26 14:34,NEW THINKER,NWTR,JPS,256.242,0.0,49.58,0.0,3054.27,101.0,1,2026-08-25 04:54:22,
2026-08-26 14:34,NILEDUTCH LION,NILEDUTCH LION,CGX,,,,,,,0,,
2026-08-26 14:34,RACINE,RACE,KCI,1822.5,0.0,312.6,0.0,12678.0,262.0,1,2026-08-25 13:51:37,vsl_67@danaos.com
2026-08-26 14:34,SHENGTANG,SHTG,REX,605.91,,374.34,,6154.0,213.0,1,2026-08-25 16:55:12,shengtang178@163.com
2026-08-26 14:34,STAR BLESSING,STBE,IMR,879.3,0.0,72.9,0.0,3908.0,275.0,1,2026-08-26 04:34:26,starblessing@163.com
2026-08-26 14:34,SUNNY 68,SY68,RTS,221.76,,58.36,,2743.0,108.0,1,2026-08-24 16:55:45,
2026-08-26 14:34,TEN VENUS,TNVN,REX,1374.05,,124.96,,1048.0,158.0,1,2026-08-25 15:51:58,tenvenus@gtmailplus.com
2026-08-26 14:34,TIGER LONGKOU,TGLK,REX,348.18,,182.27,,5658.0,240.0,1,2026-08-25 17:04:29,tiger.longkou@greathorse.com.cn
2026-08-26 14:34,WAN FU DA,WNFD,REX,1215.79,0.0,243.13,0.0,6068.0,337.0,1,2026-08-26 13:01:50,wanfuda668@126.com
2026-08-26 14:34,XING DONG 88,XD88,REX,94.0,0.0,14.4,0.0,3959.0,107.0,1,2026-08-25 17:13:32,xingdong88ship@163.com
2026-08-26 14:34,ZBM,CZBM,IMR,481.8,,137.0,,5419.0,150.0,1,2026-08-25 23:28:40,master.zbm@nautivoyage.com
2026-08-26 14:34,ZHI YING HE SHUN,ZYHS,NP2,214.91,,44.76,,5230.0,196.0,1,2026-08-26 12:27:22,zhiyingheshun@lanbaoism.com
2026-08-26 14:34,ZHONG GU NAN CHANG,ZGNC,AEM,391.16,,214.3,0.0,16221.0,218.5,1,2026-08-25 17:31:37,zgnc@zhonggushipping.com
2026-08-26 14:34,ZHONG GU YIN CHUAN,ZGYC,REX,110.48,0.0,382.39,0.0,13231.0,176.0,1,2026-08-26 13:24:08,zgyc@zhonggushipping.com
2026-08-26 14:34,ZHONG GU ZHU HAI,ZGZH,RES,287.39,,3.33,,6937.0,126.0,1,2026-08-25 17:08:40,zhongguzhuhai@zhonggushipping.com
2026-08-26 14:34,ZHONG LIAN SHAN TOU,ZLST,RTS,221.16,,103.34,,1602.0,54.0,1,2026-08-25 23:45:26,/O=EXCHANGELABS/OU=EXCHANGE ADMINISTRATIVE GROUP (FYDIBOHF23SPDLT)/CN=RECIPIENTS/CN=4FEC45EACB56408EADDE7CFEDF794448-F4604292-6F
2026-08-26 15:47,ASR,ASRR,NAX,0.0,267.0,38.7,193.8,1764.0,51.0,1,2026-08-25 19:01:59,asr@speedmailplus.com
2026-08-26 15:47,BAMSI BEYREK,BIBK,HLX,1524.5,0.0,124.8,0.0,6220.0,204.0,1,2026-08-26 14:03:15,bamsibeyrek@negmar.com
2026-08-26 15:47,BZ CHONGFU,BZCF,REX,3732.033000000001,0.0,508.37699999999995,0.0,980.0,177.0,1,2026-08-25 17:34:40,bzchongfu@163.com
2026-08-26 15:47,CHANG SHENG JI 7,CSJ7,REX,279.72,,79.15,,6180.0,117.0,1,2026-08-26 15:24:34,changshengji7@sina.com
2026-08-26 15:47,CHANG SHENG JI 8,CSJ8,REX,312.9,,66.4,,7855.0,53.0,1,2026-08-25 17:20:59,changshengji8@sina.com
2026-08-26 15:47,CUL HAIPHONG,CUHP,ST3,91.45,0.0,170.93,0.0,2230.0,229.0,1,2026-08-25 09:33:19,
2026-08-26 15:47,CUL HOCHIMINH,CUHC,AEM,350.18,669.662,154.39,0.0,4352.0,135.0,1,2026-08-24 12:18:38,
2026-08-26 15:47,CUL HUANGPU,CUHA,NSCT1,441.29,0.0,46.8,0.0,2630.0,199.0,1,2026-08-25 15:54:43,culhuangpu@culines.com
2026-08-26 15:47,CUL HUMEN,CUHM,RTS,828.54,0.0,128.57,,4111.0,80.0,1,2026-08-25 17:45:45,culhumen@culines.com
2026-08-26 15:47,CUL KLANG,CUKL,REX,123.14,659.38,108.67,0.0,5165.0,108.0,1,2026-08-25 01:00:13,
2026-08-26 15:47,CUL LAEMCHABANG,CULC,REX,642.81,,116.78,,4700.0,93.0,1,2026-08-25 06:05:54,
2026-08-26 15:47,CUL NANSHA,CUNS,CCT,436.5,,85.69,,3875.8,125.0,1,2026-08-24 14:34:01,
2026-08-26 15:47,CUL SHEKOU,CUSK,AEM,298.66,0.77,43.46,0.0,4710.9,165.0,1,2026-08-24 12:11:36,
2026-08-26 15:47,CUL XIAMEN,CUXM,HDT,110.31,0.0,51.3,0.0,2436.0,130.0,1,2026-08-25 00:20:37,
2026-08-26 15:47,CUL YANGPU,CUYP,REX,484.97,0.0,90.57,0.0,4151.0,185.0,1,2026-08-24 12:19:24,
2026-08-26 15:47,DONG FANG MING HAI,DFMH,REX,,,,,,,0,,
2026-08-26 15:47,EVERLASTING HARVEST,EVHA,REX,776.264,,54.4,,3550.0,175.0,1,2026-08-24 15:18:16,
2026-08-26 15:47,EXPRESS BERLIN,XPBL,CGX,1222.9,0.0,569.9,0.0,16614.0,482.0,1,2026-08-26 14:33:00,vsl_117@danaos.com
2026-08-26 15:47,FU YU,FUYU,SGX,265.14,,52.7,,4690.3,111.0,1,2026-08-26 12:24:40,fuyu@lanbaoism.com
2026-08-26 15:47,HAIAN MIND,HAMD,REX,1083.785,0.0,113.17,0.0,5300.0,220.0,1,2026-08-24 15:21:00,
2026-08-26 15:47,HONG DA XIN 728,H728,REX,706.5,,244.34,,3807.4,70.0,1,2026-08-24 17:09:05,
2026-08-26 15:47,HUA DONG 811,H811,SGX,290.72,0.0,43.29,0.0,5403.0,262.0,1,2026-08-24 12:41:53,
2026-08-26 15:47,KAI DA HONG ZHOU,KDHZ,RTS,125.23,0.0,133.238,0.0,2570.0,144.0,1,2026-08-25 17:20:13,KDHZ@Sunward-shipping.com
2026-08-26 15:47,KR TASMAN,KRTM,REX,808.89,,57.6,,1551.7,155.0,1,2026-08-25 14:29:55,krtasman@krsline.com
2026-08-26 15:47,M. MARINER,MMRN,CST/SL1,441.53,0.0,92.14,0.0,2300.0,194.0,1,2026-08-24 19:38:03,
2026-08-26 15:47,M. ODYSSEY,MODS,NSX,52.05,0.0,34.46,0.0,1450.0,36.0,1,2026-08-24 22:19:27,
2026-08-26 15:47,MAO GANG SHANG HAI,MGSH,REX,342.55,,82.35,,7013.0,150.0,1,2026-08-24 17:08:19,
2026-08-26 15:47,MEDKON DON,MEDKON DON,NAX,206.0,,107.0,509.7,3710.5,74.0,1,2026-08-26 06:29:55,medkondon@om-email.net
2026-08-26 15:47,MEDKON LIA,MKLA,NAX,206.0,,107.0,509.7,3710.5,74.0,1,2026-08-26 06:29:55,medkondon@om-email.net
2026-08-26 15:47,NEW THINKER,NWTR,JPS,256.242,0.0,49.58,0.0,3054.27,101.0,1,2026-08-25 04:54:22,
2026-08-26 15:47,NILEDUTCH LION,NILEDUTCH LION,CGX,,,,,,,0,,
2026-08-26 15:47,RACINE,RACE,KCI,1822.5,0.0,312.6,0.0,12678.0,262.0,1,2026-08-25 13:51:37,vsl_67@danaos.com
2026-08-26 15:47,SHENGTANG,SHTG,REX,609.61,,374.34,,6154.0,216.0,1,2026-08-24 20:52:02,
2026-08-26 15:47,STAR BLESSING,STBE,IMR,862.9,0.0,72.8,0.0,3908.0,262.0,1,2026-08-26 15:12:14,starblessing@163.com
2026-08-26 15:47,SUNNY 68,SY68,RTS,221.76,,58.36,,2743.0,108.0,1,2026-08-24 16:55:45,
2026-08-26 15:47,TEN VENUS,TNVN,REX,1374.05,,124.96,,1048.0,158.0,1,2026-08-25 15:51:58,tenvenus@gtmailplus.com
2026-08-26 15:47,TIGER LONGKOU,TGLK,REX,348.18,,182.27,,5658.0,240.0,1,2026-08-25 17:04:29,tiger.longkou@greathorse.com.cn
2026-08-26 15:47,WAN FU DA,WNFD,REX,1215.79,0.0,243.13,0.0,6068.0,337.0,1,2026-08-26 13:01:50,wanfuda668@126.com
2026-08-26 15:47,XING DONG 88,XD88,REX,94.0,0.0,14.4,0.0,3959.0,107.0,1,2026-08-25 17:13:32,xingdong88ship@163.com
2026-08-26 15:47,ZBM,CZBM,IMR,481.8,,137.0,,5419.0,150.0,1,2026-08-25 23:28:40,master.zbm@nautivoyage.com
2026-08-26 15:47,ZHI YING HE SHUN,ZYHS,NP2,214.91,,49.81,,5230.0,200.0,1,2026-08-24 11:58:28,
2026-08-26 15:47,ZHONG GU NAN CHANG,ZGNC,AEM,391.16,,214.3,0.0,16221.0,218.5,1,2026-08-25 17:31:37,zgnc@zhonggushipping.com
2026-08-26 15:47,ZHONG GU YIN CHUAN,ZGYC,REX,110.48,0.0,382.39,0.0,13231.0,176.0,1,2026-08-26 13:24:08,zgyc@zhonggushipping.com
2026-08-26 15:47,ZHONG GU ZHU HAI,ZGZH,RES,287.39,,3.33,,6937.0,126.0,1,2026-08-25 17:08:40,zhongguzhuhai@zhonggushipping.com
2026-08-26 15:47,ZHONG LIAN SHAN TOU,ZLST,RTS,234.45,0.0,105.27,0.0,1602.0,58.0,1,2026-08-24 17:14:18,
2026-08-26 15:51,ASR,ASRR,NAX,0.0,267.0,38.7,193.8,1764.0,51.0,1,2026-08-25 19:01:59,asr@speedmailplus.com
2026-08-26 15:51,BAMSI BEYREK,BIBK,HLX,1524.5,0.0,124.8,0.0,6220.0,204.0,1,2026-08-26 14:03:15,bamsibeyrek@negmar.com
2026-08-26 15:51,BZ CHONGFU,BZCF,REX,3732.033000000001,0.0,508.37699999999995,0.0,980.0,177.0,1,2026-08-25 17:34:40,bzchongfu@163.com
2026-08-26 15:51,CHANG SHENG JI 7,CSJ7,REX,279.72,,79.15,,6180.0,117.0,1,2026-08-26 15:24:34,changshengji7@sina.com
2026-08-26 15:51,CHANG SHENG JI 8,CSJ8,REX,312.9,,66.4,,7855.0,53.0,1,2026-08-25 17:20:59,changshengji8@sina.com
2026-08-26 15:51,CUL HAIPHONG,CUHP,ST3,91.45,0.0,170.93,0.0,2230.0,229.0,1,2026-08-25 09:33:19,
2026-08-26 15:51,CUL HOCHIMINH,CUHC,AEM,350.18,669.662,154.39,0.0,4352.0,135.0,1,2026-08-24 12:18:38,
2026-08-26 15:51,CUL HUANGPU,CUHA,NSCT1,441.29,0.0,46.8,0.0,2630.0,199.0,1,2026-08-25 15:54:43,culhuangpu@culines.com
2026-08-26 15:51,CUL HUMEN,CUHM,RTS,828.54,0.0,128.57,,4111.0,80.0,1,2026-08-25 17:45:45,culhumen@culines.com
2026-08-26 15:51,CUL KLANG,CUKL,REX,123.14,659.38,108.67,0.0,5165.0,108.0,1,2026-08-25 01:00:13,
2026-08-26 15:51,CUL LAEMCHABANG,CULC,REX,642.81,,116.78,,4700.0,93.0,1,2026-08-25 06:05:54,
2026-08-26 15:51,CUL NANSHA,CUNS,CCT,436.5,,85.69,,3875.8,125.0,1,2026-08-24 14:34:01,
2026-08-26 15:51,CUL SHEKOU,CUSK,AEM,298.66,0.77,43.46,0.0,4710.9,165.0,1,2026-08-24 12:11:36,
2026-08-26 15:51,CUL XIAMEN,CUXM,HDT,110.31,0.0,51.3,0.0,2436.0,130.0,1,2026-08-25 00:20:37,
2026-08-26 15:51,CUL YANGPU,CUYP,REX,484.97,0.0,90.57,0.0,4151.0,185.0,1,2026-08-24 12:19:24,
2026-08-26 15:51,DONG FANG MING HAI,DFMH,REX,,,,,,,0,,
2026-08-26 15:51,EVERLASTING HARVEST,EVHA,REX,776.264,,54.4,,3550.0,175.0,1,2026-08-24 15:18:16,
2026-08-26 15:51,EXPRESS BERLIN,XPBL,CGX,1222.9,0.0,569.9,0.0,16614.0,482.0,1,2026-08-26 14:33:00,vsl_117@danaos.com
2026-08-26 15:51,FU YU,FUYU,SGX,265.14,,52.7,,4690.3,111.0,1,2026-08-26 12:24:40,fuyu@lanbaoism.com
2026-08-26 15:51,HAIAN MIND,HAMD,REX,1083.785,0.0,113.17,0.0,5300.0,220.0,1,2026-08-24 15:21:00,
2026-08-26 15:51,HONG DA XIN 728,H728,REX,706.5,,244.34,,3807.4,70.0,1,2026-08-24 17:09:05,
2026-08-26 15:51,HUA DONG 811,H811,SGX,290.72,0.0,43.29,0.0,5403.0,262.0,1,2026-08-24 12:41:53,
2026-08-26 15:51,KAI DA HONG ZHOU,KDHZ,RTS,125.23,0.0,133.238,0.0,2570.0,144.0,1,2026-08-25 17:20:13,KDHZ@Sunward-shipping.com
2026-08-26 15:51,KR TASMAN,KRTM,REX,808.89,,57.6,,1551.7,155.0,1,2026-08-25 14:29:55,krtasman@krsline.com
2026-08-26 15:51,M. MARINER,MMRN,CST/SL1,441.53,0.0,92.14,0.0,2300.0,194.0,1,2026-08-24 19:38:03,
2026-08-26 15:51,M. ODYSSEY,MODS,NSX,52.05,0.0,34.46,0.0,1450.0,36.0,1,2026-08-24 22:19:27,
2026-08-26 15:51,MAO GANG SHANG HAI,MGSH,REX,342.55,,82.35,,7013.0,150.0,1,2026-08-24 17:08:19,
2026-08-26 15:51,MEDKON DON,MEDKON DON,NAX,206.0,,107.0,509.7,3710.5,74.0,1,2026-08-26 06:29:55,medkondon@om-email.net
2026-08-26 15:51,MEDKON LIA,MKLA,NAX,0.0,0.0,35.1,156.8,3223.0,54.0,1,2026-08-25 18:16:43,master@medkonlia.com
2026-08-26 15:51,NEW THINKER,NWTR,JPS,256.242,0.0,49.58,0.0,3054.27,101.0,1,2026-08-25 04:54:22,
2026-08-26 15:51,NILEDUTCH LION,NILEDUTCH LION,CGX,,,,,,,0,,
2026-08-26 15:51,RACINE,RACE,KCI,1822.5,0.0,312.6,0.0,12678.0,262.0,1,2026-08-25 13:51:37,vsl_67@danaos.com
2026-08-26 15:51,SHENGTANG,SHTG,REX,609.61,,374.34,,6154.0,216.0,1,2026-08-24 20:52:02,
2026-08-26 15:51,STAR BLESSING,STBE,IMR,862.9,0.0,72.8,0.0,3908.0,262.0,1,2026-08-26 15:12:14,starblessing@163.com
2026-08-26 15:51,SUNNY 68,SY68,RTS,221.76,,58.36,,2743.0,108.0,1,2026-08-24 16:55:45,
2026-08-26 15:51,TEN VENUS,TNVN,REX,1374.05,,124.96,,1048.0,158.0,1,2026-08-25 15:51:58,tenvenus@gtmailplus.com
2026-08-26 15:51,TIGER LONGKOU,TGLK,REX,348.18,,182.27,,5658.0,240.0,1,2026-08-25 17:04:29,tiger.longkou@greathorse.com.cn
2026-08-26 15:51,WAN FU DA,WNFD,REX,1215.79,0.0,243.13,0.0,6068.0,337.0,1,2026-08-26 13:01:50,wanfuda668@126.com
2026-08-26 15:51,XING DONG 88,XD88,REX,94.0,0.0,14.4,0.0,3959.0,107.0,1,2026-08-25 17:13:32,xingdong88ship@163.com
2026-08-26 15:51,ZBM,CZBM,IMR,481.8,,137.0,,5419.0,150.0,1,2026-08-25 23:28:40,master.zbm@nautivoyage.com
2026-08-26 15:51,ZHI YING HE SHUN,ZYHS,NP2,214.91,,49.81,,5230.0,200.0,1,2026-08-24 11:58:28,
2026-08-26 15:51,ZHONG GU NAN CHANG,ZGNC,AEM,391.16,,214.3,0.0,16221.0,218.5,1,2026-08-25 17:31:37,zgnc@zhonggushipping.com
2026-08-26 15:51,ZHONG GU YIN CHUAN,ZGYC,REX,110.48,0.0,382.39,0.0,13231.0,176.0,1,2026-08-26 13:24:08,zgyc@zhonggushipping.com
2026-08-26 15:51,ZHONG GU ZHU HAI,ZGZH,RES,287.39,,3.33,,6937.0,126.0,1,2026-08-25 17:08:40,zhongguzhuhai@zhonggushipping.com
2026-08-26 15:51,ZHONG LIAN SHAN TOU,ZLST,RTS,234.45,0.0,105.27,0.0,1602.0,58.0,1,2026-08-24 17:14:18,
2026-08-26 17:49,ASR,ASRR,NAX,0.0,267.0,38.7,193.8,1764.0,51.0,1,2026-08-25 19:01:59,asr@speedmailplus.com
2026-08-26 17:49,BAMSI BEYREK,BIBK,HLX,1524.5,0.0,124.8,0.0,6220.0,204.0,1,2026-08-26 14:03:15,bamsibeyrek@negmar.com
2026-08-26 17:49,BZ CHONGFU,BZCF,REX,3732.033000000001,0.0,508.37699999999995,0.0,980.0,177.0,1,2026-08-25 17:34:40,bzchongfu@163.com
2026-08-26 17:49,CHANG SHENG JI 7,CSJ7,REX,279.72,,79.15,,6180.0,117.0,1,2026-08-26 15:24:34,changshengji7@sina.com
2026-08-26 17:49,CHANG SHENG JI 8,CSJ8,REX,299.1,,64.2,,7855.0,51.0,1,2026-08-26 17:16:03,changshengji8@sina.com
2026-08-26 17:49,CUL HAIPHONG,CUHP,ST3,91.45,0.0,169.05,0.0,2230.0,215.0,1,2026-08-26 12:37:22,culhaiphong@goodever.com.cn
2026-08-26 17:49,CUL HOCHIMINH,CUHC,AEM,350.18,669.662,154.39,0.0,4352.0,135.0,1,2026-08-24 12:18:38,
2026-08-26 17:49,CUL HUANGPU,CUHA,NSCT1,434.87,0.0,45.58,0.0,2630.0,196.0,1,2026-08-26 16:14:37,culhuangpu@culines.com
2026-08-26 17:49,CUL HUMEN,CUHM,RTS,823.8,0.0,128.57,0.0,4111.0,76.0,1,2026-08-26 16:57:48,culhumen@culines.com
2026-08-26 17:49,CUL KLANG,CUKL,REX,114.14,647.88,108.67,0.0,5165.0,105.0,1,2026-08-26 12:17:17,culklang@CULINES.COM
2026-08-26 17:49,CUL LAEMCHABANG,CULC,REX,624.54,,116.58,,4700.0,92.0,1,2026-08-25 19:38:52,cullaemchabang@CULINES.COM
2026-08-26 17:49,CUL NANSHA,CUNS,CCT,368.92,,85.69,,3875.8,135.0,1,2026-08-26 13:24:41,culnansha@CULINES.COM
2026-08-26 17:49,CUL SHEKOU,CUSK,AEM,289.93,0.77,43.46,0.0,4710.9,149.0,1,2026-08-26 12:05:58,culshekou@CULINES.COM
2026-08-26 17:49,CUL XIAMEN,CUXM,HDT,70.31,0.0,51.25,0.0,2436.0,120.0,1,2026-08-26 12:29:41,culxiamen@CULINES.COM
2026-08-26 17:49,CUL YANGPU,CUYP,REX,437.49,0.0,90.57,0.0,4151.0,196.0,1,2026-08-26 12:38:20,culyangpu@CULINES.COM
2026-08-26 17:49,DONG FANG MING HAI,DFMH,REX,,,,,,,0,,
2026-08-26 17:49,EVERLASTING HARVEST,EVHA,REX,743.231,,54.4,,3550.0,185.0,1,2026-08-26 15:30:43,everlasting.harvest@tcshipping.com.cn
2026-08-26 17:49,EXPRESS BERLIN,XPBL,CGX,1222.9,0.0,569.9,0.0,16614.0,482.0,1,2026-08-26 14:33:00,vsl_117@danaos.com
2026-08-26 17:49,FU YU,FUYU,SGX,265.14,,52.7,,4690.3,111.0,1,2026-08-26 12:24:40,fuyu@lanbaoism.com
2026-08-26 17:49,HAIAN MIND,HAMD,REX,1019.305,0.0,113.17,0.0,5300.0,216.0,1,2026-08-26 16:35:16,haianmind@haiants.vn
2026-08-26 17:49,HONG DA XIN 728,H728,REX,686.76,,242.86,,3807.4,175.0,1,2026-08-26 17:08:49,hongdaxin728@msatmail.com
2026-08-26 17:49,HUA DONG 811,H811,SGX,264.0,0.0,43.29,0.0,5403.0,255.0,1,2026-08-26 12:07:40,huadong811@msatmail.com
2026-08-26 17:49,KAI DA HONG ZHOU,KDHZ,RTS,125.23,0.0,133.238,0.0,2570.0,144.0,1,2026-08-25 17:20:13,KDHZ@Sunward-shipping.com
2026-08-26 17:49,KR TASMAN,KRTM,REX,768.17,,57.6,,1551.7,155.0,1,2026-08-26 15:53:23,krtasman@krsline.com
2026-08-26 17:49,M. MARINER,MMRN,CST/SL1,406.44,,87.85,,2800.0,185.0,1,2026-08-26 13:54:40,m.mariner@canopus-mail.com
2026-08-26 17:49,M. ODYSSEY,MODS,NSX,472.05,0.0,121.96,0.0,1450.0,248.0,1,2026-08-26 13:44:25,m.odyssey@canopus-mail.com
2026-08-26 17:49,MAO GANG SHANG HAI,MGSH,REX,323.0,,79.7,,7013.0,154.0,1,2026-08-26 16:17:10,maogangshanghai@126.com
2026-08-26 17:49,MEDKON DON,MEDKON DON,NAX,206.0,,107.0,509.7,3710.5,74.0,1,2026-08-26 06:29:55,medkondon@om-email.net
2026-08-26 17:49,MEDKON LIA,MKLA,NAX,0.0,0.0,35.1,156.8,3223.0,54.0,1,2026-08-25 18:16:43,master@medkonlia.com
2026-08-26 17:49,NEW THINKER,NWTR,JPS,251.11,0.0,47.32,0.0,3054.27,95.0,1,2026-08-26 16:58:40,newthinker@lianjieship.com.cn
2026-08-26 17:49,NILEDUTCH LION,NILEDUTCH LION,CGX,,,,,,,0,,
2026-08-26 17:49,RACINE,RACE,KCI,1813.7,0.0,312.6,0.0,12678.0,247.0,1,2026-08-26 15:59:36,vsl_67@danaos.com
2026-08-26 17:49,SHENGTANG,SHTG,REX,605.91,,374.34,,6154.0,213.0,1,2026-08-25 16:55:12,shengtang178@163.com
2026-08-26 17:49,STAR BLESSING,STBE,IMR,862.9,0.0,72.8,0.0,3908.0,262.0,1,2026-08-26 15:12:14,starblessing@163.com
2026-08-26 17:49,SUNNY 68,SY68,RTS,216.57,,56.42,,2743.0,108.0,1,2026-08-26 16:54:26,sunny68@lianjieship.com.cn
2026-08-26 17:49,TEN VENUS,TNVN,REX,1326.75,,124.96,,1048.0,149.0,1,2026-08-26 16:07:50,tenvenus@gtmailplus.com
2026-08-26 17:49,TIGER LONGKOU,TGLK,REX,348.18,,182.27,,5658.0,240.0,1,2026-08-25 17:04:29,tiger.longkou@greathorse.com.cn
2026-08-26 17:49,WAN FU DA,WNFD,REX,1215.79,0.0,243.13,0.0,6068.0,337.0,1,2026-08-26 13:01:50,wanfuda668@126.com
2026-08-26 17:49,XING DONG 88,XD88,REX,85.5,0.0,12.0,0.0,3959.0,104.0,1,2026-08-26 17:15:44,xingdong88ship@163.com
2026-08-26 17:49,ZBM,CZBM,IMR,481.8,,137.0,,5419.0,150.0,1,2026-08-25 23:28:40,master.zbm@nautivoyage.com
2026-08-26 17:49,ZHI YING HE SHUN,ZYHS,NP2,214.91,,44.76,,5230.0,196.0,1,2026-08-26 12:27:22,zhiyingheshun@lanbaoism.com
2026-08-26 17:49,ZHONG GU NAN CHANG,ZGNC,AEM,376.59,,214.3,0.0,16221.0,218.0,1,2026-08-26 17:28:41,zgnc@zhonggushipping.com
2026-08-26 17:49,ZHONG GU YIN CHUAN,ZGYC,REX,110.48,0.0,382.39,0.0,13231.0,176.0,1,2026-08-26 13:24:08,zgyc@zhonggushipping.com
2026-08-26 17:49,ZHONG GU ZHU HAI,ZGZH,RES,281.68,,3.33,,6937.0,123.0,1,2026-08-26 17:10:49,zhongguzhuhai@zhonggushipping.com
2026-08-26 17:49,ZHONG LIAN SHAN TOU,ZLST,RTS,234.45,0.0,105.27,0.0,1602.0,58.0,1,2026-08-24 17:14:18,
2026-08-27 09:29,ASR,ASRR,NAX,0.0,267.0,38.7,184.0,1764.0,49.0,1,2026-08-26 18:59:02,asr@speedmailplus.com
2026-08-27 09:29,BAMSI BEYREK,BIBK,HLX,1524.5,0.0,124.8,0.0,6220.0,204.0,1,2026-08-26 14:03:15,bamsibeyrek@negmar.com
2026-08-27 09:29,BZ CHONGFU,BZCF,REX,3651.5230000000006,0.0,508.37699999999995,0.0,980.0,179.0,1,2026-08-26 17:50:33,bzchongfu@163.com
2026-08-27 09:29,CHANG SHENG JI 7,CSJ7,REX,279.72,,79.15,,6180.0,117.0,1,2026-08-26 15:24:34,changshengji7@sina.com
2026-08-27 09:29,CHANG SHENG JI 8,CSJ8,REX,299.1,,64.2,,7855.0,51.0,1,2026-08-26 17:16:03,changshengji8@sina.com
2026-08-27 09:29,CUL HAIPHONG,CUHP,ST3,91.28,0.0,168.1,0.0,2230.0,214.0,1,2026-08-27 01:26:47,culhaiphong@goodever.com.cn
2026-08-27 09:29,CUL HOCHIMINH,CUHC,AEM,350.18,669.662,154.39,0.0,4352.0,135.0,1,2026-08-24 12:18:38,
2026-08-27 09:29,CUL HUANGPU,CUHA,NSCT1,434.87,0.0,45.58,0.0,2630.0,196.0,1,2026-08-26 16:14:37,culhuangpu@culines.com
2026-08-27 09:29,CUL HUMEN,CUHM,RTS,823.8,0.0,128.57,0.0,4111.0,76.0,1,2026-08-26 16:57:48,culhumen@culines.com
2026-08-27 09:29,CUL KLANG,CUKL,REX,114.14,647.88,108.67,0.0,5165.0,105.0,1,2026-08-26 12:17:17,culklang@CULINES.COM
2026-08-27 09:29,CUL LAEMCHABANG,CULC,REX,624.54,,116.58,,4700.0,92.0,1,2026-08-25 19:38:52,cullaemchabang@CULINES.COM
2026-08-27 09:29,CUL NANSHA,CUNS,CCT,363.3,0.0,85.69,0.0,3393.9,130.0,1,2026-08-27 04:32:54,culnansha@CULINES.COM
2026-08-27 09:29,CUL SHEKOU,CUSK,AEM,289.93,0.77,43.46,0.0,4710.9,149.0,1,2026-08-26 12:05:58,culshekou@CULINES.COM
2026-08-27 09:29,CUL XIAMEN,CUXM,HDT,70.31,0.0,51.25,0.0,2436.0,120.0,1,2026-08-26 12:29:41,culxiamen@CULINES.COM
2026-08-27 09:29,CUL YANGPU,CUYP,REX,437.49,0.0,90.57,0.0,4151.0,196.0,1,2026-08-26 12:38:20,culyangpu@CULINES.COM
2026-08-27 09:29,DONG FANG MING HAI,DFMH,REX,,,,,,,0,,
2026-08-27 09:29,EVERLASTING HARVEST,EVHA,REX,743.231,,54.4,,3550.0,185.0,1,2026-08-26 15:30:43,everlasting.harvest@tcshipping.com.cn
2026-08-27 09:29,EXPRESS BERLIN,XPBL,CGX,1222.9,0.0,569.9,0.0,16614.0,482.0,1,2026-08-26 14:33:00,vsl_117@danaos.com
2026-08-27 09:29,FU YU,FUYU,SGX,265.14,,52.7,,4690.3,111.0,1,2026-08-26 12:24:40,fuyu@lanbaoism.com
2026-08-27 09:29,HAIAN MIND,HAMD,REX,1019.305,0.0,113.17,0.0,5300.0,216.0,1,2026-08-26 16:35:16,haianmind@haiants.vn
2026-08-27 09:29,HONG DA XIN 728,H728,REX,686.76,,242.86,,3807.4,175.0,1,2026-08-26 17:08:49,hongdaxin728@msatmail.com
2026-08-27 09:29,HUA DONG 811,H811,SGX,264.0,0.0,43.29,0.0,5403.0,255.0,1,2026-08-26 12:07:40,huadong811@msatmail.com
2026-08-27 09:29,KAI DA HONG ZHOU,KDHZ,RTS,125.23,0.0,132.758,0.0,2570.0,142.0,1,2026-08-26 17:43:51,KDHZ@Sunward-shipping.com
2026-08-27 09:29,KR TASMAN,KRTM,RTS,768.17,,57.6,,1551.7,155.0,1,2026-08-26 15:53:23,krtasman@krsline.com
2026-08-27 09:29,M. MARINER,MMRN,CST/SL1/SGX,406.44,,87.85,,2800.0,185.0,1,2026-08-26 13:54:40,m.mariner@canopus-mail.com
2026-08-27 09:29,M. ODYSSEY,MODS,NSX,472.05,0.0,121.4,0.0,1450.0,245.0,1,2026-08-26 23:07:37,m.odyssey@canopus-mail.com
2026-08-27 09:29,MAO GANG SHANG HAI,MGSH,REX,323.0,,79.7,,7013.0,154.0,1,2026-08-26 16:17:10,maogangshanghai@126.com
2026-08-27 09:29,MEDKON DON,MEDKON DON,NAX,206.0,,106.1,509.7,3710.5,72.0,1,2026-08-26 20:45:43,medkondon@om-email.net
2026-08-27 09:29,MEDKON LIA,MKLA,NAX,0.0,0.0,35.1,153.04,,105.0,1,2026-08-27 07:17:26,master@medkonlia.com
2026-08-27 09:29,NEW THINKER,NWTR,JPS,251.11,0.0,47.25,0.0,3054.27,95.0,1,2026-08-26 21:24:07,newthinker@lianjieship.com.cn
2026-08-27 09:29,NILEDUTCH LION,NILEDUTCH LION,CGX,,,,,,,0,,
2026-08-27 09:29,RACINE,RACE,KCI,1812.6,0.0,312.6,0.0,14602.0,247.0,1,2026-08-27 06:28:33,vsl_67@danaos.com
2026-08-27 09:29,SHENGTANG,SHTG,REX,605.91,,374.34,,6154.0,213.0,1,2026-08-25 16:55:12,shengtang178@163.com
2026-08-27 09:29,STAR BLESSING,STBE,IMR,862.9,0.0,72.8,0.0,3908.0,262.0,1,2026-08-26 15:12:14,starblessing@163.com
2026-08-27 09:29,SUNNY 68,SY68,RTS,216.57,,56.42,,2743.0,108.0,1,2026-08-26 16:54:26,sunny68@lianjieship.com.cn
2026-08-27 09:29,TEN VENUS,TNVN,REX,1326.75,,124.96,,1048.0,149.0,1,2026-08-26 16:07:50,tenvenus@gtmailplus.com
2026-08-27 09:29,TIGER LONGKOU,TGLK,REX,322.66,,178.71,,5658.0,236.0,1,2026-08-26 18:02:47,tiger.longkou@greathorse.com.cn
2026-08-27 09:29,WAN FU DA,WNFD,REX,1215.79,0.0,243.13,0.0,6068.0,337.0,1,2026-08-26 13:01:50,wanfuda668@126.com
2026-08-27 09:29,XING DONG 88,XD88,REX,83.9,0.0,191.7,0.0,3959.0,102.0,1,2026-08-27 05:17:03,xingdong88ship@163.com
2026-08-27 09:29,ZBM,CZBM,IMR,463.8,,134.0,,5419.0,150.0,1,2026-08-27 02:53:08,master.zbm@nautivoyage.com
2026-08-27 09:29,ZHI YING HE SHUN,ZYHS,NP2,214.91,,44.76,,5230.0,196.0,1,2026-08-26 12:27:22,zhiyingheshun@lanbaoism.com
2026-08-27 09:29,ZHONG GU NAN CHANG,ZGNC,AEM,376.59,,214.3,0.0,16221.0,218.0,1,2026-08-26 17:28:41,zgnc@zhonggushipping.com
2026-08-27 09:29,ZHONG GU YIN CHUAN,ZGYC,REX,110.48,0.0,382.39,0.0,13231.0,176.0,1,2026-08-26 13:24:08,zgyc@zhonggushipping.com
2026-08-27 09:29,ZHONG GU ZHU HAI,ZGZH,RES,280.18,,3.33,,6937.0,121.0,1,2026-08-27 06:33:39,zhongguzhuhai@zhonggushipping.com
2026-08-27 09:29,ZHONG LIAN SHAN TOU,ZLST,RTS,234.45,0.0,105.27,0.0,1602.0,58.0,1,2026-08-24 17:14:18,
2026-08-27 09:53,ASR,ASRR,NAX,0.0,267.0,38.7,184.0,1764.0,49.0,1,2026-08-26 18:59:02,asr@speedmailplus.com
2026-08-27 09:53,BAMSI BEYREK,BIBK,HLX,1524.5,0.0,124.8,0.0,6220.0,204.0,1,2026-08-26 14:03:15,bamsibeyrek@negmar.com
2026-08-27 09:53,BZ CHONGFU,BZCF,REX,3651.5230000000006,0.0,508.37699999999995,0.0,980.0,179.0,1,2026-08-26 17:50:33,bzchongfu@163.com
2026-08-27 09:53,CHANG SHENG JI 7,CSJ7,REX,279.72,,79.15,,6180.0,117.0,1,2026-08-26 15:24:34,changshengji7@sina.com
2026-08-27 09:53,CHANG SHENG JI 8,CSJ8,REX,299.1,,64.2,,7855.0,51.0,1,2026-08-26 17:16:03,changshengji8@sina.com
2026-08-27 09:53,CUL HAIPHONG,CUHP,ST3,91.28,0.0,168.1,0.0,2230.0,214.0,1,2026-08-27 01:26:47,culhaiphong@goodever.com.cn
2026-08-27 09:53,CUL HOCHIMINH,CUHC,AEM,337.21,669.662,154.39,0.0,4352.0,129.0,1,2026-08-26 13:01:17,culhochiminh@CULINES.COM
2026-08-27 09:53,CUL HUANGPU,CUHA,NSCT1,434.87,0.0,45.58,0.0,2630.0,196.0,1,2026-08-26 16:14:37,culhuangpu@culines.com
2026-08-27 09:53,CUL HUMEN,CUHM,RTS,823.8,0.0,128.57,0.0,4111.0,76.0,1,2026-08-26 16:57:48,culhumen@culines.com
2026-08-27 09:53,CUL KLANG,CUKL,REX,114.14,647.88,108.67,0.0,5165.0,105.0,1,2026-08-26 12:17:17,culklang@CULINES.COM
2026-08-27 09:53,CUL LAEMCHABANG,CULC,REX,624.54,,116.58,,4700.0,92.0,1,2026-08-25 19:38:52,cullaemchabang@CULINES.COM
2026-08-27 09:53,CUL NANSHA,CUNS,CCT,363.3,0.0,85.69,0.0,3393.9,130.0,1,2026-08-27 04:32:54,culnansha@CULINES.COM
2026-08-27 09:53,CUL SHEKOU,CUSK,AEM,289.93,0.77,43.46,0.0,4710.9,149.0,1,2026-08-26 12:05:58,culshekou@CULINES.COM
2026-08-27 09:53,CUL XIAMEN,CUXM,HDT,70.31,0.0,51.25,0.0,2436.0,120.0,1,2026-08-26 12:29:41,culxiamen@CULINES.COM
2026-08-27 09:53,CUL YANGPU,CUYP,REX,437.49,0.0,90.57,0.0,4151.0,196.0,1,2026-08-26 12:38:20,culyangpu@CULINES.COM
2026-08-27 09:53,DONG FANG MING HAI,DFMH,REX,,,,,,,0,,
2026-08-27 09:53,EVERLASTING HARVEST,EVHA,REX,743.231,,54.4,,3550.0,185.0,1,2026-08-26 15:30:43,everlasting.harvest@tcshipping.com.cn
2026-08-27 09:53,EXPRESS BERLIN,XPBL,CGX,1222.9,0.0,569.9,0.0,16614.0,482.0,1,2026-08-26 14:33:00,vsl_117@danaos.com
2026-08-27 09:53,FU YU,FUYU,SGX,265.14,,52.7,,4690.3,111.0,1,2026-08-26 12:24:40,fuyu@lanbaoism.com
2026-08-27 09:53,HAIAN MIND,HAMD,REX,1019.305,0.0,113.17,0.0,5300.0,216.0,1,2026-08-26 16:35:16,haianmind@haiants.vn
2026-08-27 09:53,HONG DA XIN 728,H728,REX,686.76,,242.86,,3807.4,175.0,1,2026-08-26 17:08:49,hongdaxin728@msatmail.com
2026-08-27 09:53,HUA DONG 811,H811,SGX,264.0,0.0,43.29,0.0,5403.0,255.0,1,2026-08-26 12:07:40,huadong811@msatmail.com
2026-08-27 09:53,KAI DA HONG ZHOU,KDHZ,RTS,125.23,0.0,132.758,0.0,2570.0,142.0,1,2026-08-26 17:43:51,KDHZ@Sunward-shipping.com
2026-08-27 09:53,KR TASMAN,KRTM,RTS,768.17,,57.6,,1551.7,155.0,1,2026-08-26 15:53:23,krtasman@krsline.com
2026-08-27 09:53,M. MARINER,MMRN,CST/SL1/SGX,406.44,,87.85,,2800.0,185.0,1,2026-08-26 13:54:40,m.mariner@canopus-mail.com
2026-08-27 09:53,M. ODYSSEY,MODS,NSX,472.05,0.0,121.4,0.0,1450.0,245.0,1,2026-08-26 23:07:37,m.odyssey@canopus-mail.com
2026-08-27 09:53,MAO GANG SHANG HAI,MGSH,REX,323.0,,79.7,,7013.0,154.0,1,2026-08-26 16:17:10,maogangshanghai@126.com
2026-08-27 09:53,MEDKON DON,MEDKON DON,NAX,206.0,,106.1,509.7,3710.5,72.0,1,2026-08-26 20:45:43,medkondon@om-email.net
2026-08-27 09:53,MEDKON LIA,MKLA,NAX,0.0,0.0,35.1,153.04,,105.0,1,2026-08-27 07:17:26,master@medkonlia.com
2026-08-27 09:53,NEW THINKER,NWTR,JPS,251.11,0.0,47.25,0.0,3054.27,95.0,1,2026-08-26 21:24:07,newthinker@lianjieship.com.cn
2026-08-27 09:53,NILEDUTCH LION,NILEDUTCH LION,CGX,,,,,,,0,,
2026-08-27 09:53,RACINE,RACE,KCI,1812.6,0.0,312.6,0.0,14602.0,247.0,1,2026-08-27 06:28:33,vsl_67@danaos.com
2026-08-27 09:53,SHENGTANG,SHTG,REX,605.91,,374.34,,6154.0,213.0,1,2026-08-25 16:55:12,shengtang178@163.com
2026-08-27 09:53,STAR BLESSING,STBE,IMR,862.9,0.0,72.8,0.0,3908.0,262.0,1,2026-08-26 15:12:14,starblessing@163.com
2026-08-27 09:53,SUNNY 68,SY68,RTS,216.57,,56.42,,2743.0,108.0,1,2026-08-26 16:54:26,sunny68@lianjieship.com.cn
2026-08-27 09:53,TEN VENUS,TNVN,REX,1326.75,,124.96,,1048.0,149.0,1,2026-08-26 16:07:50,tenvenus@gtmailplus.com
2026-08-27 09:53,TIGER LONGKOU,TGLK,REX,322.66,,178.71,,5658.0,236.0,1,2026-08-26 18:02:47,tiger.longkou@greathorse.com.cn
2026-08-27 09:53,WAN FU DA,WNFD,REX,1215.79,0.0,243.13,0.0,6068.0,337.0,1,2026-08-26 13:01:50,wanfuda668@126.com
2026-08-27 09:53,XING DONG 88,XD88,REX,83.9,0.0,191.7,0.0,3959.0,102.0,1,2026-08-27 05:17:03,xingdong88ship@163.com
2026-08-27 09:53,ZBM,CZBM,IMR,463.8,,134.0,,5419.0,150.0,1,2026-08-27 02:53:08,master.zbm@nautivoyage.com
2026-08-27 09:53,ZHI YING HE SHUN,ZYHS,NP2,214.91,,44.76,,5230.0,196.0,1,2026-08-26 12:27:22,zhiyingheshun@lanbaoism.com
2026-08-27 09:53,ZHONG GU NAN CHANG,ZGNC,AEM,376.59,,214.3,0.0,16221.0,218.0,1,2026-08-26 17:28:41,zgnc@zhonggushipping.com
2026-08-27 09:53,ZHONG GU YIN CHUAN,ZGYC,REX,110.48,0.0,382.39,0.0,13231.0,176.0,1,2026-08-26 13:24:08,zgyc@zhonggushipping.com
2026-08-27 09:53,ZHONG GU ZHU HAI,ZGZH,RES,280.18,,3.33,,6937.0,121.0,1,2026-08-27 06:33:39,zhongguzhuhai@zhonggushipping.com
2026-08-27 09:53,ZHONG LIAN SHAN TOU,ZLST,RTS,221.16,,103.34,,1602.0,54.0,1,2026-08-25 23:45:26,culshantou@CULINES.COM
2026-08-27 10:26,ASR,ASRR,NAX,0.0,267.0,38.7,184.0,1764.0,49.0,1,2026-08-26 18:59:02,asr@speedmailplus.com
2026-08-27 10:26,BAMSI BEYREK,BIBK,HLX,1524.5,0.0,124.8,0.0,6220.0,204.0,1,2026-08-26 14:03:15,bamsibeyrek@negmar.com
2026-08-27 10:26,BZ CHONGFU,BZCF,REX,3651.5230000000006,0.0,508.37699999999995,0.0,980.0,179.0,1,2026-08-26 17:50:33,bzchongfu@163.com
2026-08-27 10:26,CHANG SHENG JI 7,CSJ7,REX,279.72,,79.15,,6180.0,117.0,1,2026-08-26 15:24:34,changshengji7@sina.com
2026-08-27 10:26,CHANG SHENG JI 8,CSJ8,REX,299.1,,64.2,,7855.0,51.0,1,2026-08-26 17:16:03,changshengji8@sina.com
2026-08-27 10:26,CUL HAIPHONG,CUHP,ST3,91.28,0.0,168.1,0.0,2230.0,214.0,1,2026-08-27 01:26:47,culhaiphong@goodever.com.cn
2026-08-27 10:26,CUL HOCHIMINH,CUHC,AEM,337.21,669.662,154.39,0.0,4352.0,129.0,1,2026-08-26 13:01:17,culhochiminh@CULINES.COM
2026-08-27 10:26,CUL HUANGPU,CUHA,NSCT1,434.87,0.0,45.58,0.0,2630.0,196.0,1,2026-08-26 16:14:37,culhuangpu@culines.com
2026-08-27 10:26,CUL HUMEN,CUHM,RTS,823.8,0.0,128.57,0.0,4111.0,76.0,1,2026-08-26 16:57:48,culhumen@culines.com
2026-08-27 10:26,CUL KLANG,CUKL,REX,114.14,647.88,108.67,0.0,5165.0,105.0,1,2026-08-26 12:17:17,culklang@CULINES.COM
2026-08-27 10:26,CUL LAEMCHABANG,CULC,REX,624.54,,116.58,,4700.0,92.0,1,2026-08-25 19:38:52,cullaemchabang@CULINES.COM
2026-08-27 10:26,CUL NANSHA,CUNS,CCT,363.3,0.0,85.69,0.0,3393.9,130.0,1,2026-08-27 04:32:54,culnansha@CULINES.COM
2026-08-27 10:26,CUL SHEKOU,CUSK,AEM,289.93,0.77,43.46,0.0,4710.9,149.0,1,2026-08-26 12:05:58,culshekou@CULINES.COM
2026-08-27 10:26,CUL XIAMEN,CUXM,HDT,70.31,0.0,51.25,0.0,2436.0,120.0,1,2026-08-26 12:29:41,culxiamen@CULINES.COM
2026-08-27 10:26,CUL YANGPU,CUYP,REX,437.49,0.0,90.57,0.0,4151.0,196.0,1,2026-08-26 12:38:20,culyangpu@CULINES.COM
2026-08-27 10:26,DONG FANG MING HAI,DFMH,REX,,,,,,,0,,
2026-08-27 10:26,EVERLASTING HARVEST,EVHA,REX,743.231,,54.4,,3550.0,185.0,1,2026-08-26 15:30:43,everlasting.harvest@tcshipping.com.cn
2026-08-27 10:26,EXPRESS BERLIN,XPBL,CGX,1222.9,0.0,569.9,0.0,16614.0,482.0,1,2026-08-26 14:33:00,vsl_117@danaos.com
2026-08-27 10:26,FU YU,FUYU,SGX,265.14,,52.7,,4690.3,111.0,1,2026-08-26 12:24:40,fuyu@lanbaoism.com
2026-08-27 10:26,HAIAN MIND,HAMD,REX,1019.305,0.0,113.17,0.0,5300.0,216.0,1,2026-08-26 16:35:16,haianmind@haiants.vn
2026-08-27 10:26,HONG DA XIN 728,H728,REX,686.76,,242.86,,3807.4,175.0,1,2026-08-26 17:08:49,hongdaxin728@msatmail.com
2026-08-27 10:26,HUA DONG 811,H811,SGX,264.0,0.0,43.29,0.0,5403.0,255.0,1,2026-08-26 12:07:40,huadong811@msatmail.com
2026-08-27 10:26,KAI DA HONG ZHOU,KDHZ,RTS,125.23,0.0,132.758,0.0,2570.0,142.0,1,2026-08-26 17:43:51,KDHZ@Sunward-shipping.com
2026-08-27 10:26,KR TASMAN,KRTM,RTS,768.17,,57.6,,1551.7,155.0,1,2026-08-26 15:53:23,krtasman@krsline.com
2026-08-27 10:26,M. MARINER,MMRN,CST/SL1/SGX,406.44,,87.85,,2800.0,185.0,1,2026-08-26 13:54:40,m.mariner@canopus-mail.com
2026-08-27 10:26,M. ODYSSEY,MODS,NSX,472.05,0.0,121.4,0.0,1450.0,245.0,1,2026-08-26 23:07:37,m.odyssey@canopus-mail.com
2026-08-27 10:26,MAO GANG SHANG HAI,MGSH,REX,323.0,,79.7,,7013.0,154.0,1,2026-08-26 16:17:10,maogangshanghai@126.com
2026-08-27 10:26,MEDKON DON,MEDKON DON,NAX,206.0,,106.1,509.7,3710.5,72.0,1,2026-08-26 20:45:43,medkondon@om-email.net
2026-08-27 10:26,MEDKON LIA,MKLA,NAX,0.0,0.0,35.1,153.04,,105.0,1,2026-08-27 07:17:26,master@medkonlia.com
2026-08-27 10:26,NEW THINKER,NWTR,JPS,251.11,0.0,47.25,0.0,3054.27,95.0,1,2026-08-26 21:24:07,newthinker@lianjieship.com.cn
2026-08-27 10:26,NILEDUTCH LION,NILEDUTCH LION,CGX,,,,,,,0,,
2026-08-27 10:26,RACINE,RACE,KCI,1812.6,0.0,312.6,0.0,14602.0,247.0,1,2026-08-27 06:28:33,vsl_67@danaos.com
2026-08-27 10:26,SHENGTANG,SHTG,REX,605.91,,374.34,,6154.0,213.0,1,2026-08-25 16:55:12,shengtang178@163.com
2026-08-27 10:26,STAR BLESSING,STBE,IMR,862.9,0.0,72.8,0.0,3908.0,262.0,1,2026-08-26 15:12:14,starblessing@163.com
2026-08-27 10:26,SUNNY 68,SY68,RTS,216.57,,56.42,,2743.0,108.0,1,2026-08-26 16:54:26,sunny68@lianjieship.com.cn
2026-08-27 10:26,TEN VENUS,TNVN,REX,1326.75,,124.96,,1048.0,149.0,1,2026-08-26 16:07:50,tenvenus@gtmailplus.com
2026-08-27 10:26,TIGER LONGKOU,TGLK,REX,322.66,,178.71,,5658.0,236.0,1,2026-08-26 18:02:47,tiger.longkou@greathorse.com.cn
2026-08-27 10:26,WAN FU DA,WNFD,REX,1215.79,0.0,243.13,0.0,6068.0,337.0,1,2026-08-26 13:01:50,wanfuda668@126.com
2026-08-27 10:26,XING DONG 88,XD88,REX,83.9,0.0,191.7,0.0,3959.0,102.0,1,2026-08-27 05:17:03,xingdong88ship@163.com
2026-08-27 10:26,ZBM,CZBM,IMR,463.8,,134.0,,5419.0,150.0,1,2026-08-27 02:53:08,master.zbm@nautivoyage.com
2026-08-27 10:26,ZHI YING HE SHUN,ZYHS,NP2,214.91,,44.76,,5230.0,196.0,1,2026-08-26 12:27:22,zhiyingheshun@lanbaoism.com
2026-08-27 10:26,ZHONG GU NAN CHANG,ZGNC,AEM,376.59,,214.3,0.0,16221.0,218.0,1,2026-08-26 17:28:41,zgnc@zhonggushipping.com
2026-08-27 10:26,ZHONG GU YIN CHUAN,ZGYC,REX,110.48,0.0,382.39,0.0,13231.0,176.0,1,2026-08-26 13:24:08,zgyc@zhonggushipping.com
2026-08-27 10:26,ZHONG GU ZHU HAI,ZGZH,RES,280.18,,3.33,,6937.0,121.0,1,2026-08-27 06:33:39,zhongguzhuhai@zhonggushipping.com
2026-08-27 10:26,ZHONG LIAN SHAN TOU,ZLST,RTS,221.16,,103.34,,1602.0,54.0,1,2026-08-25 23:45:26,culshantou@CULINES.COM
2026-08-27 10:50,ASR,ASRR,NAX,0.0,267.0,38.7,184.0,1764.0,49.0,1,2026-08-26 18:59:02,asr@speedmailplus.com
2026-08-27 10:50,BAMSI BEYREK,BIBK,HLX,1524.5,0.0,124.8,0.0,6220.0,204.0,1,2026-08-26 14:03:15,bamsibeyrek@negmar.com
2026-08-27 10:50,BZ CHONGFU,BZCF,REX,3651.5230000000006,0.0,508.37699999999995,0.0,980.0,179.0,1,2026-08-26 17:50:33,bzchongfu@163.com
2026-08-27 10:50,CHANG SHENG JI 7,CSJ7,REX,279.72,,79.15,,6180.0,117.0,1,2026-08-26 15:24:34,changshengji7@sina.com
2026-08-27 10:50,CHANG SHENG JI 8,CSJ8,REX,299.1,,64.2,,7855.0,51.0,1,2026-08-26 17:16:03,changshengji8@sina.com
2026-08-27 10:50,CUL HAIPHONG,CUHP,ST3,91.28,0.0,168.1,0.0,2230.0,214.0,1,2026-08-27 01:26:47,culhaiphong@goodever.com.cn
2026-08-27 10:50,CUL HOCHIMINH,CUHC,AEM,337.21,669.662,154.39,0.0,4352.0,129.0,1,2026-08-26 13:01:17,culhochiminh@CULINES.COM
2026-08-27 10:50,CUL HUANGPU,CUHA,NSCT1,434.87,0.0,45.58,0.0,2630.0,196.0,1,2026-08-26 16:14:37,culhuangpu@culines.com
2026-08-27 10:50,CUL HUMEN,CUHM,RTS,823.8,0.0,128.57,0.0,4111.0,76.0,1,2026-08-26 16:57:48,culhumen@culines.com
2026-08-27 10:50,CUL KLANG,CUKL,REX,114.14,647.88,108.67,0.0,5165.0,105.0,1,2026-08-26 12:17:17,culklang@CULINES.COM
2026-08-27 10:50,CUL LAEMCHABANG,CULC,REX,624.54,,116.58,,4700.0,92.0,1,2026-08-25 19:38:52,cullaemchabang@CULINES.COM
2026-08-27 10:50,CUL NANSHA,CUNS,CCT,363.3,0.0,85.69,0.0,3393.9,130.0,1,2026-08-27 04:32:54,culnansha@CULINES.COM
2026-08-27 10:50,CUL SHEKOU,CUSK,AEM,289.93,0.77,43.46,0.0,4710.9,149.0,1,2026-08-26 12:05:58,culshekou@CULINES.COM
2026-08-27 10:50,CUL XIAMEN,CUXM,HDT,70.31,0.0,51.25,0.0,2436.0,120.0,1,2026-08-26 12:29:41,culxiamen@CULINES.COM
2026-08-27 10:50,CUL YANGPU,CUYP,REX,437.49,0.0,90.57,0.0,4151.0,196.0,1,2026-08-26 12:38:20,culyangpu@CULINES.COM
2026-08-27 10:50,DONG FANG MING HAI,DFMH,REX,,,,,,,0,,
2026-08-27 10:50,EVERLASTING HARVEST,EVHA,REX,743.231,,54.4,,3550.0,185.0,1,2026-08-26 15:30:43,everlasting.harvest@tcshipping.com.cn
2026-08-27 10:50,EXPRESS BERLIN,XPBL,CGX,1222.9,0.0,569.9,0.0,16614.0,482.0,1,2026-08-26 14:33:00,vsl_117@danaos.com
2026-08-27 10:50,FU YU,FUYU,SGX,265.14,,52.7,,4690.3,111.0,1,2026-08-26 12:24:40,fuyu@lanbaoism.com
2026-08-27 10:50,HAIAN MIND,HAMD,REX,1019.305,0.0,113.17,0.0,5300.0,216.0,1,2026-08-26 16:35:16,haianmind@haiants.vn
2026-08-27 10:50,HONG DA XIN 728,H728,REX,686.76,,242.86,,3807.4,175.0,1,2026-08-26 17:08:49,hongdaxin728@msatmail.com
2026-08-27 10:50,HUA DONG 811,H811,SGX,264.0,0.0,43.29,0.0,5403.0,255.0,1,2026-08-26 12:07:40,huadong811@msatmail.com
2026-08-27 10:50,KAI DA HONG ZHOU,KDHZ,RTS,125.23,0.0,132.758,0.0,2570.0,142.0,1,2026-08-26 17:43:51,KDHZ@Sunward-shipping.com
2026-08-27 10:50,KR TASMAN,KRTM,RTS,768.17,,57.6,,1551.7,155.0,1,2026-08-26 15:53:23,krtasman@krsline.com
2026-08-27 10:50,M. MARINER,MMRN,CST/SL1/SGX,406.44,,87.85,,2800.0,185.0,1,2026-08-26 13:54:40,m.mariner@canopus-mail.com
2026-08-27 10:50,M. ODYSSEY,MODS,NSX,472.05,0.0,121.4,0.0,1450.0,245.0,1,2026-08-26 23:07:37,m.odyssey@canopus-mail.com
2026-08-27 10:50,MAO GANG SHANG HAI,MGSH,REX,323.0,,79.7,,7013.0,154.0,1,2026-08-26 16:17:10,maogangshanghai@126.com
2026-08-27 10:50,MEDKON DON,MEDKON DON,NAX,206.0,,106.1,509.7,3710.5,72.0,1,2026-08-26 20:45:43,medkondon@om-email.net
2026-08-27 10:50,MEDKON LIA,MKLA,NAX,0.0,0.0,35.1,153.04,,105.0,1,2026-08-27 07:17:26,master@medkonlia.com
2026-08-27 10:50,NEW THINKER,NWTR,JPS,251.11,0.0,47.25,0.0,3054.27,95.0,1,2026-08-26 21:24:07,newthinker@lianjieship.com.cn
2026-08-27 10:50,NILEDUTCH LION,NILEDUTCH LION,CGX,,,,,,,0,,
2026-08-27 10:50,RACINE,RACE,KCI,1812.6,0.0,312.6,0.0,14602.0,247.0,1,2026-08-27 06:28:33,vsl_67@danaos.com
2026-08-27 10:50,SHENGTANG,SHTG,REX,605.91,,374.34,,6154.0,213.0,1,2026-08-25 16:55:12,shengtang178@163.com
2026-08-27 10:50,STAR BLESSING,STBE,IMR,862.9,0.0,72.8,0.0,3908.0,262.0,1,2026-08-26 15:12:14,starblessing@163.com
2026-08-27 10:50,SUNNY 68,SY68,RTS,216.57,,56.42,,2743.0,108.0,1,2026-08-26 16:54:26,sunny68@lianjieship.com.cn
2026-08-27 10:50,TEN VENUS,TNVN,REX,1326.75,,124.96,,1048.0,149.0,1,2026-08-26 16:07:50,tenvenus@gtmailplus.com
2026-08-27 10:50,TIGER LONGKOU,TGLK,REX,322.66,,178.71,,5658.0,236.0,1,2026-08-26 18:02:47,tiger.longkou@greathorse.com.cn
2026-08-27 10:50,WAN FU DA,WNFD,REX,1215.79,0.0,243.13,0.0,6068.0,337.0,1,2026-08-26 13:01:50,wanfuda668@126.com
2026-08-27 10:50,XING DONG 88,XD88,REX,83.9,0.0,191.7,0.0,3959.0,102.0,1,2026-08-27 05:17:03,xingdong88ship@163.com
2026-08-27 10:50,ZBM,CZBM,IMR,463.8,,134.0,,5419.0,150.0,1,2026-08-27 02:53:08,master.zbm@nautivoyage.com
2026-08-27 10:50,ZHI YING HE SHUN,ZYHS,NP2,214.91,,44.76,,5230.0,196.0,1,2026-08-26 12:27:22,zhiyingheshun@lanbaoism.com
2026-08-27 10:50,ZHONG GU NAN CHANG,ZGNC,AEM,376.59,,214.3,0.0,16221.0,218.0,1,2026-08-26 17:28:41,zgnc@zhonggushipping.com
2026-08-27 10:50,ZHONG GU YIN CHUAN,ZGYC,REX,110.48,0.0,382.39,0.0,13231.0,176.0,1,2026-08-26 13:24:08,zgyc@zhonggushipping.com
2026-08-27 10:50,ZHONG GU ZHU HAI,ZGZH,RES,280.18,,3.33,,6937.0,121.0,1,2026-08-27 06:33:39,zhongguzhuhai@zhonggushipping.com
2026-08-27 10:50,ZHONG LIAN SHAN TOU,ZLST,RTS,221.16,,103.34,,1602.0,54.0,1,2026-08-25 23:45:26,culshantou@CULINES.COM
2026-08-27 10:53,ASR,ASRR,NAX,0.0,267.0,38.7,184.0,1764.0,49.0,1,2026-08-26 18:59:02,asr@speedmailplus.com
2026-08-27 10:53,BAMSI BEYREK,BIBK,HLX,1524.5,0.0,124.8,0.0,6220.0,204.0,1,2026-08-26 14:03:15,bamsibeyrek@negmar.com
2026-08-27 10:53,BZ CHONGFU,BZCF,REX,3651.5230000000006,0.0,508.37699999999995,0.0,980.0,179.0,1,2026-08-26 17:50:33,bzchongfu@163.com
2026-08-27 10:53,CHANG SHENG JI 7,CSJ7,REX,279.72,,79.15,,6180.0,117.0,1,2026-08-26 15:24:34,changshengji7@sina.com
2026-08-27 10:53,CHANG SHENG JI 8,CSJ8,REX,299.1,,64.2,,7855.0,51.0,1,2026-08-26 17:16:03,changshengji8@sina.com
2026-08-27 10:53,CUL HAIPHONG,CUHP,ST3,91.28,0.0,168.1,0.0,2230.0,214.0,1,2026-08-27 01:26:47,culhaiphong@goodever.com.cn
2026-08-27 10:53,CUL HOCHIMINH,CUHC,AEM,337.21,669.662,154.39,0.0,4352.0,129.0,1,2026-08-26 13:01:17,culhochiminh@CULINES.COM
2026-08-27 10:53,CUL HUANGPU,CUHA,NSCT1,434.87,0.0,45.58,0.0,2630.0,196.0,1,2026-08-26 16:14:37,culhuangpu@culines.com
2026-08-27 10:53,CUL HUMEN,CUHM,RTS,823.8,0.0,128.57,0.0,4111.0,76.0,1,2026-08-26 16:57:48,culhumen@culines.com
2026-08-27 10:53,CUL KLANG,CUKL,REX,114.14,647.88,108.67,0.0,5165.0,105.0,1,2026-08-26 12:17:17,culklang@CULINES.COM
2026-08-27 10:53,CUL LAEMCHABANG,CULC,REX,624.54,,116.58,,4700.0,92.0,1,2026-08-25 19:38:52,cullaemchabang@CULINES.COM
2026-08-27 10:53,CUL NANSHA,CUNS,CCT,363.3,0.0,85.69,0.0,3393.9,130.0,1,2026-08-27 04:32:54,culnansha@CULINES.COM
2026-08-27 10:53,CUL SHEKOU,CUSK,AEM,289.93,0.77,43.46,0.0,4710.9,149.0,1,2026-08-26 12:05:58,culshekou@CULINES.COM
2026-08-27 10:53,CUL XIAMEN,CUXM,HDT,70.31,0.0,51.25,0.0,2436.0,120.0,1,2026-08-26 12:29:41,culxiamen@CULINES.COM
2026-08-27 10:53,CUL YANGPU,CUYP,REX,437.49,0.0,90.57,0.0,4151.0,196.0,1,2026-08-26 12:38:20,culyangpu@CULINES.COM
2026-08-27 10:53,DONG FANG MING HAI,DFMH,REX,,,,,,,0,,
2026-08-27 10:53,EVERLASTING HARVEST,EVHA,REX,743.231,,54.4,,3550.0,185.0,1,2026-08-26 15:30:43,everlasting.harvest@tcshipping.com.cn
2026-08-27 10:53,EXPRESS BERLIN,XPBL,CGX,1222.9,0.0,569.9,0.0,16614.0,482.0,1,2026-08-26 14:33:00,vsl_117@danaos.com
2026-08-27 10:53,FU YU,FUYU,SGX,265.14,,52.7,,4690.3,111.0,1,2026-08-26 12:24:40,fuyu@lanbaoism.com
2026-08-27 10:53,HAIAN MIND,HAMD,REX,1019.305,0.0,113.17,0.0,5300.0,216.0,1,2026-08-26 16:35:16,haianmind@haiants.vn
2026-08-27 10:53,HONG DA XIN 728,H728,REX,686.76,,242.86,,3807.4,175.0,1,2026-08-26 17:08:49,hongdaxin728@msatmail.com
2026-08-27 10:53,HUA DONG 811,H811,SGX,264.0,0.0,43.29,0.0,5403.0,255.0,1,2026-08-26 12:07:40,huadong811@msatmail.com
2026-08-27 10:53,KAI DA HONG ZHOU,KDHZ,RTS,125.23,0.0,132.758,0.0,2570.0,142.0,1,2026-08-26 17:43:51,KDHZ@Sunward-shipping.com
2026-08-27 10:53,KR TASMAN,KRTM,RTS,768.17,,57.6,,1551.7,155.0,1,2026-08-26 15:53:23,krtasman@krsline.com
2026-08-27 10:53,M. MARINER,MMRN,CST/SL1/SGX,406.44,,87.85,,2800.0,185.0,1,2026-08-26 13:54:40,m.mariner@canopus-mail.com
2026-08-27 10:53,M. ODYSSEY,MODS,NSX,472.05,0.0,121.4,0.0,1450.0,245.0,1,2026-08-26 23:07:37,m.odyssey@canopus-mail.com
2026-08-27 10:53,MAO GANG SHANG HAI,MGSH,REX,323.0,,79.7,,7013.0,154.0,1,2026-08-26 16:17:10,maogangshanghai@126.com
2026-08-27 10:53,MEDKON DON,MEDKON DON,NAX,206.0,,106.1,509.7,3710.5,72.0,1,2026-08-26 20:45:43,medkondon@om-email.net
2026-08-27 10:53,MEDKON LIA,MKLA,NAX,0.0,0.0,35.1,153.04,,105.0,1,2026-08-27 07:17:26,master@medkonlia.com
2026-08-27 10:53,NEW THINKER,NWTR,JPS,251.11,0.0,47.25,0.0,3054.27,95.0,1,2026-08-26 21:24:07,newthinker@lianjieship.com.cn
2026-08-27 10:53,NILEDUTCH LION,NILEDUTCH LION,CGX,,,,,,,0,,
2026-08-27 10:53,RACINE,RACE,KCI,1812.6,0.0,312.6,0.0,14602.0,247.0,1,2026-08-27 06:28:33,vsl_67@danaos.com
2026-08-27 10:53,SHENGTANG,SHTG,REX,605.91,,374.34,,6154.0,213.0,1,2026-08-25 16:55:12,shengtang178@163.com
2026-08-27 10:53,STAR BLESSING,STBE,IMR,862.9,0.0,72.8,0.0,3908.0,262.0,1,2026-08-26 15:12:14,starblessing@163.com
2026-08-27 10:53,SUNNY 68,SY68,RTS,216.57,,56.42,,2743.0,108.0,1,2026-08-26 16:54:26,sunny68@lianjieship.com.cn
2026-08-27 10:53,TEN VENUS,TNVN,REX,1326.75,,124.96,,1048.0,149.0,1,2026-08-26 16:07:50,tenvenus@gtmailplus.com
2026-08-27 10:53,TIGER LONGKOU,TGLK,REX,322.66,,178.71,,5658.0,236.0,1,2026-08-26 18:02:47,tiger.longkou@greathorse.com.cn
2026-08-27 10:53,WAN FU DA,WNFD,REX,1215.79,0.0,243.13,0.0,6068.0,337.0,1,2026-08-26 13:01:50,wanfuda668@126.com
2026-08-27 10:53,XING DONG 88,XD88,REX,83.9,0.0,191.7,0.0,3959.0,102.0,1,2026-08-27 05:17:03,xingdong88ship@163.com
2026-08-27 10:53,ZBM,CZBM,IMR,463.8,,134.0,,5419.0,150.0,1,2026-08-27 02:53:08,master.zbm@nautivoyage.com
2026-08-27 10:53,ZHI YING HE SHUN,ZYHS,NP2,214.91,,44.76,,5230.0,196.0,1,2026-08-26 12:27:22,zhiyingheshun@lanbaoism.com
2026-08-27 10:53,ZHONG GU NAN CHANG,ZGNC,AEM,376.59,,214.3,0.0,16221.0,218.0,1,2026-08-26 17:28:41,zgnc@zhonggushipping.com
2026-08-27 10:53,ZHONG GU YIN CHUAN,ZGYC,REX,110.48,0.0,382.39,0.0,13231.0,176.0,1,2026-08-26 13:24:08,zgyc@zhonggushipping.com
2026-08-27 10:53,ZHONG GU ZHU HAI,ZGZH,RES,280.18,,3.33,,6937.0,121.0,1,2026-08-27 06:33:39,zhongguzhuhai@zhonggushipping.com
2026-08-27 10:53,ZHONG LIAN SHAN TOU,ZLST,RTS,221.16,,103.34,,1602.0,54.0,1,2026-08-25 23:45:26,culshantou@CULINES.COM
2026-08-27 11:35,ASR,ASRR,NAX,0.0,267.0,38.7,184.0,1764.0,49.0,1,2026-08-26 18:59:02,asr@speedmailplus.com
2026-08-27 11:35,BAMSI BEYREK,BIBK,HLX,1524.5,0.0,124.8,0.0,6220.0,204.0,1,2026-08-26 14:03:15,bamsibeyrek@negmar.com
2026-08-27 11:35,BZ CHONGFU,BZCF,REX,3651.5230000000006,0.0,508.37699999999995,0.0,980.0,179.0,1,2026-08-26 17:50:33,bzchongfu@163.com
2026-08-27 11:35,CHANG SHENG JI 7,CSJ7,REX,279.72,,79.15,,6180.0,117.0,1,2026-08-26 15:24:34,changshengji7@sina.com
2026-08-27 11:35,CHANG SHENG JI 8,CSJ8,REX,299.1,,64.2,,7855.0,51.0,1,2026-08-26 17:16:03,changshengji8@sina.com
2026-08-27 11:35,CUL HAIPHONG,CUHP,ST3,91.28,0.0,168.1,0.0,2230.0,214.0,1,2026-08-27 01:26:47,culhaiphong@goodever.com.cn
2026-08-27 11:35,CUL HOCHIMINH,CUHC,AEM,337.21,669.662,154.39,0.0,4352.0,129.0,1,2026-08-26 13:01:17,culhochiminh@CULINES.COM
2026-08-27 11:35,CUL HUANGPU,CUHA,NSCT1,434.87,0.0,45.58,0.0,2630.0,196.0,1,2026-08-26 16:14:37,culhuangpu@culines.com
2026-08-27 11:35,CUL HUMEN,CUHM,RTS,823.8,0.0,128.57,0.0,4111.0,76.0,1,2026-08-26 16:57:48,culhumen@culines.com
2026-08-27 11:35,CUL KLANG,CUKL,REX,114.14,647.88,108.67,0.0,5165.0,105.0,1,2026-08-26 12:17:17,culklang@CULINES.COM
2026-08-27 11:35,CUL LAEMCHABANG,CULC,REX,624.54,,116.58,,4700.0,92.0,1,2026-08-25 19:38:52,cullaemchabang@CULINES.COM
2026-08-27 11:35,CUL NANSHA,CUNS,CCT,363.3,0.0,85.69,0.0,3393.9,130.0,1,2026-08-27 04:32:54,culnansha@CULINES.COM
2026-08-27 11:35,CUL SHEKOU,CUSK,AEM,289.93,0.77,43.46,0.0,4710.9,149.0,1,2026-08-26 12:05:58,culshekou@CULINES.COM
2026-08-27 11:35,CUL XIAMEN,CUXM,HDT,70.31,0.0,51.25,0.0,2436.0,120.0,1,2026-08-26 12:29:41,culxiamen@CULINES.COM
2026-08-27 11:35,CUL YANGPU,CUYP,REX,437.49,0.0,90.57,0.0,4151.0,196.0,1,2026-08-26 12:38:20,culyangpu@CULINES.COM
2026-08-27 11:35,DONG FANG MING HAI,DFMH,REX,,,,,,,0,,
2026-08-27 11:35,EVERLASTING HARVEST,EVHA,REX,743.231,,54.4,,3550.0,185.0,1,2026-08-26 15:30:43,everlasting.harvest@tcshipping.com.cn
2026-08-27 11:35,EXPRESS BERLIN,XPBL,CGX,1222.9,0.0,569.9,0.0,16614.0,482.0,1,2026-08-26 14:33:00,vsl_117@danaos.com
2026-08-27 11:35,FU YU,FUYU,SGX,265.14,,52.7,,4690.3,111.0,1,2026-08-26 12:24:40,fuyu@lanbaoism.com
2026-08-27 11:35,HAIAN MIND,HAMD,REX,1019.305,0.0,113.17,0.0,5300.0,216.0,1,2026-08-26 16:35:16,haianmind@haiants.vn
2026-08-27 11:35,HONG DA XIN 728,H728,REX,686.76,,242.86,,3807.4,175.0,1,2026-08-26 17:08:49,hongdaxin728@msatmail.com
2026-08-27 11:35,HUA DONG 811,H811,SGX,264.0,0.0,43.29,0.0,5403.0,255.0,1,2026-08-26 12:07:40,huadong811@msatmail.com
2026-08-27 11:35,KAI DA HONG ZHOU,KDHZ,RTS,125.23,0.0,132.758,0.0,2570.0,142.0,1,2026-08-26 17:43:51,KDHZ@Sunward-shipping.com
2026-08-27 11:35,KR TASMAN,KRTM,RTS,768.17,,57.6,,1551.7,155.0,1,2026-08-26 15:53:23,krtasman@krsline.com
2026-08-27 11:35,M. MARINER,MMRN,CST/SL1/SGX,406.44,,87.85,,2800.0,185.0,1,2026-08-26 13:54:40,m.mariner@canopus-mail.com
2026-08-27 11:35,M. ODYSSEY,MODS,NSX,472.05,0.0,121.4,0.0,1450.0,245.0,1,2026-08-26 23:07:37,m.odyssey@canopus-mail.com
2026-08-27 11:35,MAO GANG SHANG HAI,MGSH,REX,323.0,,79.7,,7013.0,154.0,1,2026-08-26 16:17:10,maogangshanghai@126.com
2026-08-27 11:35,MEDKON DON,MEDKON DON,NAX,206.0,,106.1,509.7,3710.5,72.0,1,2026-08-26 20:45:43,medkondon@om-email.net
2026-08-27 11:35,MEDKON LIA,MKLA,NAX,0.0,0.0,35.1,153.04,,105.0,1,2026-08-27 07:17:26,master@medkonlia.com
2026-08-27 11:35,NEW THINKER,NWTR,JPS,251.11,0.0,47.25,0.0,3054.27,95.0,1,2026-08-26 21:24:07,newthinker@lianjieship.com.cn
2026-08-27 11:35,NILEDUTCH LION,NILEDUTCH LION,CGX,,,,,,,0,,
2026-08-27 11:35,RACINE,RACE,KCI,1812.6,0.0,312.6,0.0,14602.0,247.0,1,2026-08-27 06:28:33,vsl_67@danaos.com
2026-08-27 11:35,SHENGTANG,SHTG,REX,605.91,,374.34,,6154.0,213.0,1,2026-08-25 16:55:12,shengtang178@163.com
2026-08-27 11:35,STAR BLESSING,STBE,IMR,862.9,0.0,72.8,0.0,3908.0,262.0,1,2026-08-26 15:12:14,starblessing@163.com
2026-08-27 11:35,SUNNY 68,SY68,RTS,216.57,,56.42,,2743.0,108.0,1,2026-08-26 16:54:26,sunny68@lianjieship.com.cn
2026-08-27 11:35,TEN VENUS,TNVN,REX,1326.75,,124.96,,1048.0,149.0,1,2026-08-26 16:07:50,tenvenus@gtmailplus.com
2026-08-27 11:35,TIGER LONGKOU,TGLK,REX,322.66,,178.71,,5658.0,236.0,1,2026-08-26 18:02:47,tiger.longkou@greathorse.com.cn
2026-08-27 11:35,WAN FU DA,WNFD,REX,1215.79,0.0,243.13,0.0,6068.0,337.0,1,2026-08-26 13:01:50,wanfuda668@126.com
2026-08-27 11:35,XING DONG 88,XD88,REX,83.9,0.0,191.7,0.0,3959.0,102.0,1,2026-08-27 05:17:03,xingdong88ship@163.com
2026-08-27 11:35,ZBM,CZBM,IMR,463.8,,134.0,,5419.0,150.0,1,2026-08-27 02:53:08,master.zbm@nautivoyage.com
2026-08-27 11:35,ZHI YING HE SHUN,ZYHS,NP2,214.91,,44.76,,5230.0,196.0,1,2026-08-26 12:27:22,zhiyingheshun@lanbaoism.com
2026-08-27 11:35,ZHONG GU NAN CHANG,ZGNC,AEM,376.59,,214.3,0.0,16221.0,218.0,1,2026-08-26 17:28:41,zgnc@zhonggushipping.com
2026-08-27 11:35,ZHONG GU YIN CHUAN,ZGYC,REX,110.48,0.0,382.39,0.0,13231.0,176.0,1,2026-08-26 13:24:08,zgyc@zhonggushipping.com
2026-08-27 11:35,ZHONG GU ZHU HAI,ZGZH,RES,280.18,,3.33,,6937.0,121.0,1,2026-08-27 06:33:39,zhongguzhuhai@zhonggushipping.com
2026-08-27 11:35,ZHONG LIAN SHAN TOU,ZLST,RTS,221.16,,103.34,,1602.0,54.0,1,2026-08-25 23:45:26,culshantou@CULINES.COM
2026-08-27 13:58,ASR,ASRR,NAX,0.0,267.0,38.7,184.0,1764.0,49.0,1,2026-08-26 18:59:02,asr@speedmailplus.com
2026-08-27 13:58,BAMSI BEYREK,BIBK,HLX,1494.5,0.0,124.8,0.0,6220.0,204.0,1,2026-08-27 13:35:09,bamsibeyrek@negmar.com
2026-08-27 13:58,BZ CHONGFU,BZCF,REX,3651.5230000000006,0.0,508.37699999999995,0.0,980.0,179.0,1,2026-08-26 17:50:33,bzchongfu@163.com
2026-08-27 13:58,CHANG SHENG JI 7,CSJ7,REX,279.72,,79.15,,6180.0,117.0,1,2026-08-26 15:24:34,changshengji7@sina.com
2026-08-27 13:58,CHANG SHENG JI 8,CSJ8,REX,299.1,,64.2,,7855.0,51.0,1,2026-08-26 17:16:03,changshengji8@sina.com
2026-08-27 13:58,CUL HAIPHONG,CUHP,ST3,91.28,0.0,168.1,0.0,2230.0,214.0,1,2026-08-27 01:26:47,culhaiphong@goodever.com.cn
2026-08-27 13:58,CUL HOCHIMINH,CUHC,AEM,337.21,669.662,154.39,0.0,4352.0,129.0,1,2026-08-26 13:01:17,culhochiminh@CULINES.COM
2026-08-27 13:58,CUL HUANGPU,CUHA,NSCT1,418.88,0.0,44.6,0.0,2630.0,192.0,1,2026-08-27 13:55:39,culhuangpu@culines.com
2026-08-27 13:58,CUL HUMEN,CUHM,RTS,823.8,0.0,128.57,0.0,4111.0,76.0,1,2026-08-26 16:57:48,culhumen@culines.com
2026-08-27 13:58,CUL KLANG,CUKL,REX,114.14,647.88,108.67,0.0,5165.0,105.0,1,2026-08-26 12:17:17,culklang@CULINES.COM
2026-08-27 13:58,CUL LAEMCHABANG,CULC,REX,624.54,,116.58,,4700.0,92.0,1,2026-08-25 19:38:52,cullaemchabang@CULINES.COM
2026-08-27 13:58,CUL NANSHA,CUNS,CCT,363.3,0.0,85.69,0.0,3393.9,130.0,1,2026-08-27 04:32:54,culnansha@CULINES.COM
2026-08-27 13:58,CUL SHEKOU,CUSK,AEM,289.93,0.77,43.46,0.0,4710.9,149.0,1,2026-08-26 12:05:58,culshekou@CULINES.COM
2026-08-27 13:58,CUL XIAMEN,CUXM,HDT,70.31,0.0,51.25,0.0,2436.0,120.0,1,2026-08-26 12:29:41,culxiamen@CULINES.COM
2026-08-27 13:58,CUL YANGPU,CUYP,REX,437.49,0.0,90.57,0.0,4151.0,196.0,1,2026-08-26 12:38:20,culyangpu@CULINES.COM
2026-08-27 13:58,DONG FANG MING HAI,DFMH,REX,,,,,,,0,,
2026-08-27 13:58,EVERLASTING HARVEST,EVHA,REX,743.231,,54.4,,3550.0,185.0,1,2026-08-26 15:30:43,everlasting.harvest@tcshipping.com.cn
2026-08-27 13:58,EXPRESS BERLIN,XPBL,CGX,1222.9,0.0,569.9,0.0,16614.0,482.0,1,2026-08-26 14:33:00,vsl_117@danaos.com
2026-08-27 13:58,FU YU,FUYU,SGX,253.64,,52.7,,4690.3,108.0,1,2026-08-27 12:25:23,fuyu@lanbaoism.com
2026-08-27 13:58,HAIAN MIND,HAMD,REX,1019.305,0.0,113.17,0.0,5300.0,216.0,1,2026-08-26 16:35:16,haianmind@haiants.vn
2026-08-27 13:58,HONG DA XIN 728,H728,REX,686.76,,242.86,,3807.4,175.0,1,2026-08-26 17:08:49,hongdaxin728@msatmail.com
2026-08-27 13:58,HUA DONG 811,H811,SGX,264.0,0.0,43.29,0.0,5403.0,255.0,1,2026-08-26 12:07:40,huadong811@msatmail.com
2026-08-27 13:58,KAI DA HONG ZHOU,KDHZ,RTS,125.23,0.0,132.758,0.0,2570.0,142.0,1,2026-08-26 17:43:51,KDHZ@Sunward-shipping.com
2026-08-27 13:58,KR TASMAN,KRTM,RTS,768.17,,57.6,,1551.7,155.0,1,2026-08-26 15:53:23,krtasman@krsline.com
2026-08-27 13:58,M. MARINER,MMRN,CST/SL1/SGX,406.44,,87.85,,2800.0,185.0,1,2026-08-26 13:54:40,m.mariner@canopus-mail.com
2026-08-27 13:58,M. ODYSSEY,MODS,NSX,472.05,0.0,121.4,0.0,1450.0,245.0,1,2026-08-26 23:07:37,m.odyssey@canopus-mail.com
2026-08-27 13:58,MAO GANG SHANG HAI,MGSH,REX,323.0,,79.7,,7013.0,154.0,1,2026-08-26 16:17:10,maogangshanghai@126.com
2026-08-27 13:58,MEDKON DON,MEDKON DON,NAX,206.0,,106.1,509.7,3710.5,72.0,1,2026-08-26 20:45:43,medkondon@om-email.net
2026-08-27 13:58,MEDKON LIA,MKLA,NAX,0.0,0.0,35.1,153.04,,105.0,1,2026-08-27 07:17:26,master@medkonlia.com
2026-08-27 13:58,NEW THINKER,NWTR,JPS,251.11,0.0,47.25,0.0,3054.27,95.0,1,2026-08-26 21:24:07,newthinker@lianjieship.com.cn
2026-08-27 13:58,NILEDUTCH LION,NILEDUTCH LION,CGX,,,,,,,0,,
2026-08-27 13:58,RACINE,RACE,KCI,1812.6,0.0,312.6,0.0,14602.0,247.0,1,2026-08-27 06:28:33,vsl_67@danaos.com
2026-08-27 13:58,SHENGTANG,SHTG,REX,605.91,,374.34,,6154.0,213.0,1,2026-08-25 16:55:12,shengtang178@163.com
2026-08-27 13:58,STAR BLESSING,STBE,IMR,862.9,0.0,72.8,0.0,3908.0,262.0,1,2026-08-26 15:12:14,starblessing@163.com
2026-08-27 13:58,SUNNY 68,SY68,RTS,216.57,,56.42,,2743.0,108.0,1,2026-08-26 16:54:26,sunny68@lianjieship.com.cn
2026-08-27 13:58,TEN VENUS,TNVN,REX,1326.75,,124.96,,1048.0,149.0,1,2026-08-26 16:07:50,tenvenus@gtmailplus.com
2026-08-27 13:58,TIGER LONGKOU,TGLK,REX,322.66,,178.71,,5658.0,236.0,1,2026-08-26 18:02:47,tiger.longkou@greathorse.com.cn
2026-08-27 13:58,WAN FU DA,WNFD,REX,1184.79,0.0,243.13,0.0,6068.0,333.0,1,2026-08-27 13:06:56,wanfuda668@126.com
2026-08-27 13:58,XING DONG 88,XD88,REX,83.9,0.0,191.7,0.0,3959.0,102.0,1,2026-08-27 05:17:03,xingdong88ship@163.com
2026-08-27 13:58,ZBM,CZBM,IMR,463.8,,134.0,,5419.0,150.0,1,2026-08-27 02:53:08,master.zbm@nautivoyage.com
2026-08-27 13:58,ZHI YING HE SHUN,ZYHS,NP2,214.91,,44.76,,5230.0,196.0,1,2026-08-26 12:27:22,zhiyingheshun@lanbaoism.com
2026-08-27 13:58,ZHONG GU NAN CHANG,ZGNC,AEM,376.59,,214.3,0.0,16221.0,218.0,1,2026-08-26 17:28:41,zgnc@zhonggushipping.com
2026-08-27 13:58,ZHONG GU YIN CHUAN,ZGYC,REX,110.48,0.0,353.17,0.0,13231.0,182.0,1,2026-08-27 13:18:21,zgyc@zhonggushipping.com
2026-08-27 13:58,ZHONG GU ZHU HAI,ZGZH,RES,280.18,,3.33,,6937.0,121.0,1,2026-08-27 06:33:39,zhongguzhuhai@zhonggushipping.com
2026-08-27 13:58,ZHONG LIAN SHAN TOU,ZLST,RTS,221.16,,103.34,,1602.0,54.0,1,2026-08-25 23:45:26,culshantou@CULINES.COM
2026-08-27 14:18,CUL HAIPHONG,CUHP,ST3,91.28,0.0,168.1,0.0,2230.0,214.0,1,2026-08-27 01:26:47,culhaiphong@goodever.com.cn
2026-08-27 14:18,CUL XIAMEN,CUXM,HDT,70.31,0.0,51.25,0.0,2436.0,120.0,1,2026-08-26 12:29:41,culxiamen@CULINES.COM
2026-08-27 14:18,CUL YANGPU,CUYP,REX,437.49,0.0,90.57,0.0,4151.0,196.0,1,2026-08-26 12:38:20,culyangpu@CULINES.COM
2026-08-27 14:18,M. ODYSSEY,MODS,NSX,472.05,0.0,121.4,0.0,1450.0,245.0,1,2026-08-26 23:07:37,m.odyssey@canopus-mail.com
2026-08-27 14:18,CUL NANSHA,CUNS,CCT,363.3,0.0,85.69,0.0,3393.9,130.0,1,2026-08-27 04:32:54,culnansha@CULINES.COM
2026-08-27 14:18,CHANG SHENG JI 7,CSJ7,REX,279.72,,79.15,,6180.0,117.0,1,2026-08-26 15:24:34,changshengji7@sina.com
2026-08-27 14:18,ZHI YING HE SHUN,ZYHS,NP2,214.91,,44.76,,5230.0,196.0,1,2026-08-26 12:27:22,zhiyingheshun@lanbaoism.com
2026-08-27 14:18,BZ CHONGFU,BZCF,REX,3651.5230000000006,0.0,508.37699999999995,0.0,980.0,179.0,1,2026-08-26 17:50:33,bzchongfu@163.com
2026-08-27 14:18,CHANG SHENG JI 8,CSJ8,REX,299.1,,64.2,,7855.0,51.0,1,2026-08-26 17:16:03,changshengji8@sina.com
2026-08-27 14:18,CUL KLANG,CUKL,REX,114.14,647.88,108.67,0.0,5165.0,105.0,1,2026-08-26 12:17:17,culklang@CULINES.COM
2026-08-27 14:18,CUL LAEMCHABANG,CULC,REX,624.54,,116.58,,4700.0,92.0,1,2026-08-25 19:38:52,cullaemchabang@CULINES.COM
2026-08-27 14:18,DONG FANG MING HAI,DFMH,REX,,,,,,,0,,
2026-08-27 14:18,EVERLASTING HARVEST,EVHA,REX,743.231,,54.4,,3550.0,185.0,1,2026-08-26 15:30:43,everlasting.harvest@tcshipping.com.cn
2026-08-27 14:18,HAIAN MIND,HAMD,REX,1019.305,0.0,113.17,0.0,5300.0,216.0,1,2026-08-26 16:35:16,haianmind@haiants.vn
2026-08-27 14:18,HONG DA XIN 728,H728,REX,686.76,,242.86,,3807.4,175.0,1,2026-08-26 17:08:49,hongdaxin728@msatmail.com
2026-08-27 14:18,MAO GANG SHANG HAI,MGSH,REX,323.0,,79.7,,7013.0,154.0,1,2026-08-26 16:17:10,maogangshanghai@126.com
2026-08-27 14:18,SHENGTANG,SHTG,REX,605.91,,374.34,,6154.0,213.0,1,2026-08-25 16:55:12,shengtang178@163.com
2026-08-27 14:18,TEN VENUS,TNVN,REX,1326.75,,124.96,,1048.0,149.0,1,2026-08-26 16:07:50,tenvenus@gtmailplus.com
2026-08-27 14:18,TIGER LONGKOU,TGLK,REX,322.66,,178.71,,5658.0,236.0,1,2026-08-26 18:02:47,tiger.longkou@greathorse.com.cn
2026-08-27 14:18,WAN FU DA,WNFD,REX,1184.79,0.0,243.13,0.0,6068.0,333.0,1,2026-08-27 13:06:56,wanfuda668@126.com
2026-08-27 14:18,XING DONG 88,XD88,REX,83.9,0.0,191.7,0.0,3959.0,102.0,1,2026-08-27 05:17:03,xingdong88ship@163.com
2026-08-27 14:18,ZHONG GU YIN CHUAN,ZGYC,REX,110.48,0.0,353.17,0.0,13231.0,182.0,1,2026-08-27 13:18:21,zgyc@zhonggushipping.com
2026-08-27 14:18,CUL HOCHIMINH,CUHC,AEM,337.21,669.662,154.39,0.0,4352.0,129.0,1,2026-08-26 13:01:17,culhochiminh@CULINES.COM
2026-08-27 14:18,CUL SHEKOU,CUSK,AEM,289.93,0.77,43.46,0.0,4710.9,149.0,1,2026-08-26 12:05:58,culshekou@CULINES.COM
2026-08-27 14:18,ZHONG GU NAN CHANG,ZGNC,AEM,376.59,,214.3,0.0,16221.0,218.0,1,2026-08-26 17:28:41,zgnc@zhonggushipping.com
2026-08-27 14:18,FU YU,FUYU,SGX,253.64,,52.7,,4690.3,108.0,1,2026-08-27 12:25:23,fuyu@lanbaoism.com
2026-08-27 14:18,HUA DONG 811,H811,SGX,264.0,0.0,43.29,0.0,5403.0,255.0,1,2026-08-26 12:07:40,huadong811@msatmail.com
2026-08-27 14:18,KAI DA HONG ZHOU,KDHZ,RTS,125.23,0.0,132.758,0.0,2570.0,142.0,1,2026-08-26 17:43:51,KDHZ@Sunward-shipping.com
2026-08-27 14:18,SUNNY 68,SY68,RTS,216.57,,56.42,,2743.0,108.0,1,2026-08-26 16:54:26,sunny68@lianjieship.com.cn
2026-08-27 14:18,NEW THINKER,NWTR,JPS,251.11,0.0,47.25,0.0,3054.27,95.0,1,2026-08-26 21:24:07,newthinker@lianjieship.com.cn
2026-08-27 14:18,ZHONG LIAN SHAN TOU,ZLST,RTS,221.16,,103.34,,1602.0,54.0,1,2026-08-25 23:45:26,culshantou@CULINES.COM
2026-08-27 14:18,CUL HUMEN,CUHM,RTS,823.8,0.0,128.57,0.0,4111.0,76.0,1,2026-08-26 16:57:48,culhumen@culines.com
2026-08-27 14:18,KR TASMAN,KRTM,RTS,768.17,,57.6,,1551.7,155.0,1,2026-08-26 15:53:23,krtasman@krsline.com
2026-08-27 14:18,ZBM,CZBM,IMR,463.8,,134.0,,5419.0,150.0,1,2026-08-27 02:53:08,master.zbm@nautivoyage.com
2026-08-27 14:18,ZHONG GU ZHU HAI,ZGZH,RES,280.18,,3.33,,6937.0,121.0,1,2026-08-27 06:33:39,zhongguzhuhai@zhonggushipping.com
2026-08-27 14:18,EXPRESS BERLIN,XPBL,CGX,1222.9,0.0,569.9,0.0,16614.0,482.0,1,2026-08-26 14:33:00,vsl_117@danaos.com
2026-08-27 14:18,NILEDUTCH LION,NILEDUTCH LION,CGX,,,,,,,0,,
2026-08-27 14:18,BAMSI BEYREK,BIBK,HLX,1494.5,0.0,124.8,0.0,6220.0,204.0,1,2026-08-27 13:35:09,bamsibeyrek@negmar.com
2026-08-27 14:18,STAR BLESSING,STBE,IMR,862.9,0.0,72.8,0.0,3908.0,262.0,1,2026-08-26 15:12:14,starblessing@163.com
2026-08-27 14:18,ASR,ASRR,NAX,0.0,267.0,38.7,184.0,1764.0,49.0,1,2026-08-26 18:59:02,asr@speedmailplus.com
2026-08-27 14:18,MEDKON DON,MEDKON DON,NAX,206.0,,106.1,509.7,3710.5,72.0,1,2026-08-26 20:45:43,medkondon@om-email.net
2026-08-27 14:18,MEDKON LIA,MKLA,NAX,0.0,0.0,35.1,153.04,,105.0,1,2026-08-27 07:17:26,master@medkonlia.com
2026-08-27 14:18,CUL HUANGPU,CUHA,NSCT1,418.88,0.0,44.6,0.0,2630.0,192.0,1,2026-08-27 13:55:39,culhuangpu@culines.com
2026-08-27 14:18,M. MARINER,MMRN,CST/SL1/SGX,406.44,,87.85,,2800.0,185.0,1,2026-08-26 13:54:40,m.mariner@canopus-mail.com
2026-08-27 14:18,RACINE,RACE,KCI,1812.6,0.0,312.6,0.0,14602.0,247.0,1,2026-08-27 06:28:33,vsl_67@danaos.com
