Vessel Code,Vessel Name,Speed,LSFO MT/D,HSFO MT/D,MGO MT/D,Port Stay LSFO,PS MGO,,,,,,,,,,,,,,,,,,
CUHC,CUL HOCHIMINH,11,11.5,11.5,,4.5,,,,,,,,,,,,,,,,,,,
,,11.5,12.6,12.6,,4.5,,,,,,,,,,,,,,,,,,,
,,12,14.2,14.2,,4.5,,,,,,,,,,,,,,,,,,,
,,12.5,16.2,16.2,,4.5,,,,,,,,,,,,,,,,,,,
,,13,17.2,17.2,,4.5,,,,,,,,,,,,,,,,,,,
,,13.5,19.3,19.3,,4.5,,,,,,,,,,,,,,,,,,,
,,14,20.9,20.9,,4.5,,,,,,,,,,,,,,,,,,,
,,14.5,22.9,22.9,,4.5,,,,,,,,,,,,,,,,,,,
,,15,25,25,,4.5,,,,,,,,,,,,,,,,,,,
,,15.5,27,27,,4.5,,,,,,,,,,,,,,,,,,,
,,16,29.1,29.1,,4.5,,,,,,,,,,,,,,,,,,,
CUSK,CUL SHEKOU,11,15,15,,4.5,,,,,,,,,,,,,,,,,,,
,,12,18,18,,4.5,,,,,,,,,,,,,,,,,,,
,,13,21,21,,4.5,,,,,,,,,,,,,,,,,,,
,,14,26,26,,4.5,,,,,,,,,,,,,,,,,,,
,,15,31,31,,4.5,,,,,,,,,,,,,,,,,,,
,,16,36,36,,4.5,,,,,,,,,,,,,,,,,,,
ZGNC,ZHONG GU NAN CHANG,11,19.2,,,5,,,,,,,,,,,,,,,,,,,
,,11.5,22.8,,,5,,,,,,,,,,,,,,,,,,,
,,12,25.8,,,5,,,,,,,,,,,,,,,,,,,
,,12.5,28.8,,,5,,,,,,,,,,,,,,,,,,,
,,13,32.3,,,5,,,,,,,,,,,,,,,,,,,
,,13.5,36,,,5,,,,,,,,,,,,,,,,,,,
,,14,40,,,5,,,,,,,,,,,,,,,,,,,
,,14.5,44.3,,,5,,,,,,,,,,,,,,,,,,,
,,15,47.8,,,5,,,,,,,,,,,,,,,,,,,
ZGYC,ZHONG GU YIN CHUAN,10,16.5,,,2.3,3.5,,,,,,,,,,,,,,,,,,
,,11,22.5,,,2.3,3.5,,,,,,,,,,,,,,,,,,
,,12,28,,,2.3,3.5,,,,,,,,,,,,,,,,,,
,,13,35,,,2.3,3.5,,,,,,,,,,,,,,,,,,
,,14,44,,,2.3,3.5,,,,,,,,,,,,,,,,,,
,,15,51,,,2.3,3.5,,,,,,,,,,,,,,,,,,
CUNS,CUL NANSHA,15,22.31,,,2,,,,,,,,,,,,,,,,,,,
,,16,25.22,,,2,,,,,,,,,,,,,,,,,,,
,,17,29.28,,,2,,,,,,,,,,,,,,,,,,,
,,18,35.76,,,2,,,,,,,,,,,,,,,,,,,
,,18.5,39.79,,,2,,,,,,,,,,,,,,,,,,,
BZCF,BZ CHONGFU,17,75,,0,10,,,,,,,,,,,,,,,,,,,
,,16,64,,0,10,,,,,,,,,,,,,,,,,,,
,,15,55,,4,10,,,,,,,,,,,,,,,,,,,
,,14,46,,4,10,,,,,,,,,,,,,,,,,,,
,,13,37,,4,10,,,,,,,,,,,,,,,,,,,
LION,C LION,13,53,,0.5,13.5,0.5,,,,,,,,,,,,,,,,,,
,,14,61,,0.5,13.5,0.5,,,,,,,,,,,,,,,,,,
,,16,80,,0.5,13.5,0.5,,,,,,,,,,,,,,,,,,
,,18,102.5,,0.5,13.5,0.5,,,,,,,,,,,,,,,,,,
,,20,129.5,,0.5,13.5,0.5,,,,,,,,,,,,,,,,,,
,,22,158,,0.5,13.5,0.5,,,,,,,,,,,,,,,,,,
,,22.5,173,,0.5,13.5,0.5,,,,,,,,,,,,,,,,,,
XPBL,EXPRESS BERLIN,12.5,41,,,13,,,,,,,,,,,,,,,,,,,
,,13,44.5,,,13,,,,,,,,,,,,,,,,,,,
,,14,52.5,,,13,,,,,,,,,,,,,,,,,,,
,,15,61,,,13,,,,,,,,,,,,,,,,,,,
,,16,71,,,13,,,,,,,,,,,,,,,,,,,
,,17,83.5,,,13,,,,,,,,,,,,,,,,,,,
,,18,97,,,13,,,,,,,,,,,,,,,,,,,
,,19,112,,,13,,,,,,,,,,,,,,,,,,,
,,20,128,,,13,,,,,,,,,,,,,,,,,,,
,,21,145.5,,,13,,,,,,,,,,,,,,,,,,,
,,22,168,,,13,,,,,,,,,,,,,,,,,,,
CUXM,CUL XIAMEN,16,32,,,4.5,,,,,,,,,,,,,,,,,,,
,,15.5,30.7,,,4.5,,,,,,,,,,,,,,,,,,,
,,15,29.4,,,4.5,,,,,,,,,,,,,,,,,,,
,,14.5,28.1,,,4.5,,,,,,,,,,,,,,,,,,,
,,14,27.3,,,4.5,,,,,,,,,,,,,,,,,,,
,,13.5,26.4,,,4.5,,,,,,,,,,,,,,,,,,,
,,13,25.4,,,4.5,,,,,,,,,,,,,,,,,,,
,,12.5,24.9,,,4.5,,,,,,,,,,,,,,,,,,,
,,12,24.3,,,4.5,,,,,,,,,,,,,,,,,,,
BIBK,BAMSI BEYREK,11,20.47,,,5.77,,,,,,,,,,,,,,,,,,,
,,13,28.77,,,5.77,,,,,,,,,,,,,,,,,,,
,,15,39.07,,,5.77,,,,,,,,,,,,,,,,,,,
,,17,51.67,,,5.77,,,,,,,,,,,,,,,,,,,
CZBM,ZBM,,,,,,,,,,,,,,,,,,,,,,,,
STBE,STAR BLESSING,,,,,,,,,,,,,,,,,,,,,,,,
ZLST,ZHONG LIAN SHAN TOU,,,,,,,,,,,,,,,,,,,,,,,,
RACE,RACINE,13,38.7,,0.5,9.9,0.5,,,,,,,,,,,,,,,,,,
,,14,44.2,,0.5,9.9,0.5,,,,,,,,,,,,,,,,,,
,,16,57.2,,0.5,9.9,0.5,,,,,,,,,,,,,,,,,,
,,18,75.7,,0.5,9.9,0.5,,,,,,,,,,,,,,,,,,
,,20,97.2,,0.5,9.9,0.5,,,,,,,,,,,,,,,,,,
,,22,122.2,,0.5,9.9,0.5,,,,,,,,,,,,,,,,,,
,,22.8,137.2,,0.5,9.9,0.5,,,,,,,,,,,,,,,,,,
ASRR,ASR,,,,,,,,,,,,,,,,,,,,,,,,
MKDN,MEDKON DON,,,,,,,,,,,,,,,,,,,,,,,,
ZYHS,ZHI YING HE SHUN,,,,,,,,,,,,,,,,,,,,,,,,
CUHA,CUL HUANGPU,15.7,21,,1.2,2.7,1.6,,,,,,,,,,,,,,,,,,
,,15,19,,1.2,2.7,1.6,,,,,,,,,,,,,,,,,,
,,14.5,17,,1.2,2.7,1.6,,,,,,,,,,,,,,,,,,
,,14,16,,1.2,2.7,1.6,,,,,,,,,,,,,,,,,,
,,13,14.5,,1.2,2.7,1.6,,,,,,,,,,,,,,,,,,
,,12.5,12.2,,1.5,2.7,1.6,,,,,,,,,,,,,,,,,,
MODS,M. ODYSSEY,12,11.35,,2.85,,1.45,,,,,,,,,,,,,,,,,,
,,13,12.85,,2.85,,1.45,,,,,,,,,,,,,,,,,,
,,14,14.85,,2.85,,1.45,,,,,,,,,,,,,,,,,,
,,15,17.8,,2.85,,1.45,,,,,,,,,,,,,,,,,,
,,16,21.5,,2.85,,1.45,,,,,,,,,,,,,,,,,,
ZGZH,ZHONG GU ZHU HAI,10,13,,,1.5,,,,,,,,,,,,,,,,,,,
,,11,16,,,1.5,,,,,,,,,,,,,,,,,,,
,,12,20,,,1.5,,,,,,,,,,,,,,,,,,,
,,13,24,,,1.5,,,,,,,,,,,,,,,,,,,
,,14,27,,,1.5,,,,,,,,,,,,,,,,,,,
,,14.5,32,,,1.5,,,,,,,,,,,,,,,,,,,
CSJ7,CHANG SHENG JI 7,11,11.8,,,1.5,,,,,,,,,,,,,,,,,,,
,,12,14.5,,,1.5,,,,,,,,,,,,,,,,,,,
,,13,19,,,1.5,,,,,,,,,,,,,,,,,,,
CSJ8,CHANG SHENG JI 8,10,11,,1.8,,1.8,,,,,,,,,,,,,,,,,,
,,11,13,,1.8,,1.8,,,,,,,,,,,,,,,,,,
,,12,15,,1.8,,1.8,,,,,,,,,,,,,,,,,,
,,12.5,16.5,,1.8,,1.8,,,,,,,,,,,,,,,,,,
CUKL,CUL KLANG,12,21.2,,,4.1,,,,,,,,,,,,,,,,,,,
,,12.5,23.6,,,4.1,,,,,,,,,,,,,,,,,,,
,,13,26.7,,,4.1,,,,,,,,,,,,,,,,,,,
,,13.5,28.2,,,4.1,,,,,,,,,,,,,,,,,,,
,,14,30.5,,,4.1,,,,,,,,,,,,,,,,,,,
,,14.5,32.2,,,4.1,,,,,,,,,,,,,,,,,,,
,,15,34.6,,,4.1,,,,,,,,,,,,,,,,,,,
,,15.5,35.2,,,4.1,,,,,,,,,,,,,,,,,,,
,,16,36.9,,,4.1,,,,,,,,,,,,,,,,,,,
,,16.5,37.6,,,4.1,,,,,,,,,,,,,,,,,,,
CULC,CUL LAEMCHABANG,15,22.31,,,2,,,,,,,,,,,,,,,,,,,
,,16,25.22,,,2,,,,,,,,,,,,,,,,,,,
,,17,29.28,,,2,,,,,,,,,,,,,,,,,,,
,,18,35.76,,,2,,,,,,,,,,,,,,,,,,,
,,18.5,39.79,,,2,,,,,,,,,,,,,,,,,,,
CUYP,CUL YANGPU,15,22.31,,,2,,,,,,,,,,,,,,,,,,,
,,16,25.22,,,2,,,,,,,,,,,,,,,,,,,
,,17,29.28,,,2,,,,,,,,,,,,,,,,,,,
,,18,35.76,,,2,,,,,,,,,,,,,,,,,,,
,,18.5,39.79,,,2,,,,,,,,,,,,,,,,,,,
DFMH,DONG FANG MING HAI,12,13,0,0,0,1.2,,,,,,,,,,,,,,,,,,
,,11,12.2,0,0,0,1.2,,,,,,,,,,,,,,,,,,
EVHA,EVERLASTING HARVEST,11,10,,,4.5,,,,,,,,,,,,,,,,,,,
,,11.5,10.5,,,4.5,,,,,,,,,,,,,,,,,,,
,,12,11,,,4.5,,,,,,,,,,,,,,,,,,,
,,12.5,11.7,,,4.5,,,,,,,,,,,,,,,,,,,
,,13,13.5,,,4.5,,,,,,,,,,,,,,,,,,,
,,13.5,14.5,,,4.5,,,,,,,,,,,,,,,,,,,
,,14,16,,,4.5,,,,,,,,,,,,,,,,,,,
,,14.5,17.5,,,4.5,,,,,,,,,,,,,,,,,,,
,,15,19,,,4.5,,,,,,,,,,,,,,,,,,,
,,15.5,22,,,4.5,,,,,,,,,,,,,,,,,,,
,,16,24,,,4.5,,,,,,,,,,,,,,,,,,,
H728,HONG DA XIN 728,11,21,,,3.2,2,,,,,,,,,,,,,,,,,,
,,11.5,23.5,,,3.2,2,,,,,,,,,,,,,,,,,,
,,12,25.5,,,3.2,2,,,,,,,,,,,,,,,,,,
,,12.5,27.5,,,3.2,2,,,,,,,,,,,,,,,,,,
,,13,30.5,,,3.2,2,,,,,,,,,,,,,,,,,,
HAMD,HAIAN MIND,11,23.400000000000002,,,5.3,,,,,,,,,,,,,,,,,,,
,,12,24.8,,,5.3,,,,,,,,,,,,,,,,,,,
,,13,25.8,,,5.3,,,,,,,,,,,,,,,,,,,
,,15,33.199999999999996,,,5.3,,,,,,,,,,,,,,,,,,,
,,16,40.3,,,5.3,,,,,,,,,,,,,,,,,,,
,,17,42.3,,,5.3,,,,,,,,,,,,,,,,,,,
LAHM,LOA HARMONY,9,9.5,,2,,2,,,,,,,,,,,,,,,,,,
,,10,11,,2,,2,,,,,,,,,,,,,,,,,,
,,11.5,12.5,,2,,2,,,,,,,,,,,,,,,,,,
,,12,14.5,,2,,2,,,,,,,,,,,,,,,,,,
MGSH,MAO GANG SHANG HAI,10,9,,1.6,,1.6,,,,,,,,,,,,,,,,,,
,,11,11,,1.6,,1.6,,,,,,,,,,,,,,,,,,
,,12,14,,1.6,,1.6,,,,,,,,,,,,,,,,,,
SHTG,SHENGTANG,12,30,,,2.5,,,,,,,,,,,,,,,,,,,
,,13,34,,,2.5,,,,,,,,,,,,,,,,,,,
,,14,37,,,2.5,,,,,,,,,,,,,,,,,,,
,,15,43,,,2.5,,,,,,,,,,,,,,,,,,,
,,16,50,,,2.5,,,,,,,,,,,,,,,,,,,
,,17,59,,,2.5,,,,,,,,,,,,,,,,,,,
,,18,68,,,2.5,,,,,,,,,,,,,,,,,,,
TGLK,TIGER LONGKOU,14,23.2,,3,1.5,3,,,,,,,,,,,,,,,,,,
,,15,27.3,,3,1.5,3,,,,,,,,,,,,,,,,,,
,,16,33.5,,3,1.5,3,,,,,,,,,,,,,,,,,,
TNVN,TEN VENUS,10,20.5,,,3.5,,,,,,,,,,,,,,,,,,,
,,11,22.5,,,3.5,,,,,,,,,,,,,,,,,,,
,,12,26.5,,,3.5,,,,,,,,,,,,,,,,,,,
,,13,30.5,,,3.5,,,,,,,,,,,,,,,,,,,
,,14,34.5,,,3.5,,,,,,,,,,,,,,,,,,,
,,15,38.5,,,3.5,,,,,,,,,,,,,,,,,,,
,,16,45.5,,,3.5,,,,,,,,,,,,,,,,,,,
,,17,52.5,,,3.5,,,,,,,,,,,,,,,,,,,
,,18,61.5,,,3.5,,,,,,,,,,,,,,,,,,,
WNFD,WAN FU DA,11,24.5,,,3,2,,,,,,,,,,,,,,,,,,
,,12,26.5,,,3,2,,,,,,,,,,,,,,,,,,
,,13,30,,,3,2,,,,,,,,,,,,,,,,,,
,,14,32.5,,,3,2,,,,,,,,,,,,,,,,,,
,,15,34,,,3,2,,,,,,,,,,,,,,,,,,
XD88,XING DONG 88,7,10,,,1.5,,,,,,,,,,,,,,,,,,,
,,11.5,13,,,1.5,,,,,,,,,,,,,,,,,,,
,,12.5,15,,,1.5,,,,,,,,,,,,,,,,,,,
KRCB,KR CELEBES,,,,,,,,,,,,,,,,,,,,,,,,
CUHM,CUL HUMEN,12,20,,,3,,,,,,,,,,,,,,,,,,,
,,13,24,,,3,,,,,,,,,,,,,,,,,,,
,,14,28,,,3,,,,,,,,,,,,,,,,,,,
KDHZ,KAI DA HONG ZHOU,11.5,13.5,,0.55,,0.65,,,,,,,,,,,,,,,,,,
,,11,11.5,,0.55,,0.65,,,,,,,,,,,,,,,,,,
,,10.5,11,,0.55,,0.65,,,,,,,,,,,,,,,,,,
,,10,10,,0.55,,0.65,,,,,,,,,,,,,,,,,,
,,9.5,9.5,,0.55,,0.65,,,,,,,,,,,,,,,,,,
,,7.5,8,,0.55,,0.65,,,,,,,,,,,,,,,,,,
KRTM,KR TASMAN,,,,,,,,,,,,,,,,,,,,,,,,
NWTR,NEW THINKER,,,,,,,,,,,,,,,,,,,,,,,,
SY68,SUNNY 68,,,,,,,,,,,,,,,,,,,,,,,,
GLBN,GLOBAL 01,10,13.5,,1.2,,1.2,,,,,,,,,,,,,,,,,,
H708,HONG DA XIN 708,10.5,12,,1.8,,1.8,,,,,,,,,,,,,,,,,,
,,11,13.6,,1.8,,1.8,,,,,,,,,,,,,,,,,,
,,11.5,14.2,,1.8,,1.8,,,,,,,,,,,,,,,,,,
,,12,15.2,,1.8,,1.8,,,,,,,,,,,,,,,,,,
,,12.5,17.1,,1.8,,1.8,,,,,,,,,,,,,,,,,,
H811,HUA DONG 811,9.5,13.3,,,0.8,0.6,,,,,,,,,,,,,,,,,,
,,10,13.5,,,0.8,0.6,,,,,,,,,,,,,,,,,,
,,11,14,,,0.8,0.6,,,,,,,,,,,,,,,,,,
MMRN,M. MARINER,12,11.35,,2.85,,1.45,,,,,,,,,,,,,,,,,,
,,13,12.85,,2.85,,1.45,,,,,,,,,,,,,,,,,,
,,14,14.85,,2.85,,1.45,,,,,,,,,,,,,,,,,,
,,15,17.8,,2.85,,1.45,,,,,,,,,,,,,,,,,,
,,16,21.5,,2.85,,1.45,,,,,,,,,,,,,,,,,,
X106,XIN MING ZHOU 106,12.88,13.2,,,1.45,,,,,,,,,,,,,,,,,,,
,,14.48,17.6,,,1.45,,,,,,,,,,,,,,,,,,,
,,15.7,21.8,,,1.45,,,,,,,,,,,,,,,,,,,
,,16.56,25.8,,,1.45,,,,,,,,,,,,,,,,,,,
,,17.36,30.5,,,1.45,,,,,,,,,,,,,,,,,,,
,,18.11,37.7,,,1.45,,,,,,,,,,,,,,,,,,,
,,18.51,40.4,,,1.45,,,,,,,,,,,,,,,,,,,
,,18.79,43.3,,,1.45,,,,,,,,,,,,,,,,,,,
,,18.99,45.4,,,1.45,,,,,,,,,,,,,,,,,,,
,,19.42,52,,,1.45,,,,,,,,,,,,,,,,,,,
CUHP,CUL HAIPHONG,11,12,,1.1,,1.1,,,,,,,,,,,,,,,,,,
,,12,12.6,,1.1,,1.1,,,,,,,,,,,,,,,,,,
,,13,13.5,,1.1,,1.1,,,,,,,,,,,,,,,,,,
,,14,14.6,,1.1,,1.1,,,,,,,,,,,,,,,,,,
,,15,16,,1.1,,1.1,,,,,,,,,,,,,,,,,,
,,16,17.5,,1.1,,1.1,,,,,,,,,,,,,,,,,,
MKDN,MEDKON DON,11,18.5,,1,,1,,,,,,,,,,,,,,,,,,
,,12,20,,1,,1,,,,,,,,,,,,,,,,,,
,,13,22,,1,,1,,,,,,,,,,,,,,,,,,
,,14,24,,1,,1,,,,,,,,,,,,,,,,,,
KRCB,KR CELEBES,9.8,6.6,,1,,1,,,,,,,,,,,,,,,,,,
,,12.3,12.3,,1,,1,,,,,,,,,,,,,,,,,,
,,13.4,15.7,,1,,1,,,,,,,,,,,,,,,,,,
,,14.1,18.1,,1,,1,,,,,,,,,,,,,,,,,,
ASRR,ASR,10,10,,1.2,,1.2,,,,,,,,,,,,,,,,,,
,,11,11,,1.2,,1.2,,,,,,,,,,,,,,,,,,
,,12,13.1,,1.2,,1.2,,,,,,,,,,,,,,,,,,
,,,,,,,,,,,,,,,,,,,,,,,,,
,,,,,,,,,,,,,,,,,,,,,,,,,
,,,,,,,,,,,,,,,,,,,,,,,,,
,,,,,,,,,,,,,,,,,,,,,,,,,
,,,,,,,,,,,,,,,,,,,,,,,,,
,,,,,,,,,,,,,,,,,,,,,,,,,
,,,,,,,,,,,,,,,,,,,,,,,,,
,,,,,,,,,,,,,,,,,,,,,,,,,
,,,,,,,,,,,,,,,,,,,,,,,,,
